Feature_1,Feature_2,Feature_3,target
0.896671907094096,0.7349203357871911,17,1.0
0.1954093731458617,-0.2369511902429633,40,1.0
-0.2144349272093045,0.015737658534802305,6,0.0
-0.5526915017668595,0.09894781743199216,35,0.0
1.3716666852070496,1.4008139410561573,20,1.0
1.4992723158951193,3.462298618316717,23,1.0
1.6679724164737106,-0.20799662980723999,1,1.0
0.5965322404763453,0.828219668706499,23,1.0
1.2580806187098035,0.6918119201096296,47,1.0
1.6247729309438763,1.4023523066857129,1,1.0
0.15438867406150103,0.3670886775705253,10,1.0
0.7925162043645452,0.29125523123028974,37,1.0
0.9447839038842262,0.1706856408240205,8,0.0
-0.010000664067395066,0.5036606843236673,1,0.0
0.209571311433739,0.5988219022320501,39,0.0
0.6495529767611518,1.269023100296404,2,1.0
-1.3736180154747317,0.5059384718421944,3,0.0
2.040819664949781,-0.49138156338768013,11,1.0
1.5770506988927249,0.4246659604736972,30,1.0
0.9173189928216507,-0.05967805702698908,6,0.0
1.328990586643523,-0.6012842489814717,30,0.0
-0.15975978317013154,1.8139083579526687,7,0.0
0.6066143072466746,1.201978394217692,8,0.0
0.795396443658185,0.7622026920932745,5,1.0
-0.9952280605459446,-1.3693994082061658,10,0.0
-1.838840104631623,-0.4641463461882766,35,0.0
1.725118499904291,0.3176974971284923,8,0.0
2.3173263636496855,-0.02850573754517147,7,0.0
-1.129146537154202,-0.4160131413516299,25,0.0
0.2843986808020066,1.6500548384795781,21,0.0
-1.2363237733363999,1.5277339716878917,33,0.0
0.34304154961587285,-0.17331499285169458,6,0.0
-0.6963168669638298,0.9160263772436418,6,1.0
-0.6730440378000679,0.05121955198667205,6,1.0
-0.4112790640799606,-1.2930410499902136,39,0.0
0.2167387156168448,-1.043812001572975,22,0.0
2.218927306329479,0.33088063015992586,41,1.0
-1.0949127506362846,2.231551979321342,15,1.0
2.3835821195128055,-0.12578069967535033,37,1.0
0.7309259843831386,-2.078648320423598,39,0.0
-0.11913789037681144,1.8817347817618293,45,1.0
1.2542209872315278,1.3818783473676246,21,1.0
0.33105640837877415,1.4533421361973087,5,1.0
-0.07158126900800812,0.0943523814011589,48,0.0
0.14467137795287277,-0.29828353049445533,48,1.0
0.5722010771251511,0.7099263653569678,15,1.0
0.4732285976004491,1.9342467589039836,21,1.0
-1.1235597918690554,-1.06506116960247,6,0.0
0.5443844710895536,0.973875891520618,41,1.0
1.505009174864578,1.006795488588074,40,1.0
0.5206084087923846,1.80066987875913,35,1.0
-0.07271361335329472,-0.8297017579816688,41,0.0
0.7190282678549704,-0.004919664071388219,22,1.0
0.5207346063782947,2.3803875924896216,12,1.0
-0.7833971162339382,1.853091619462548,50,1.0
-2.3076033132514597,-1.4237226118463908,20,0.0
-0.3109845062710231,0.9740708032471684,17,0.0
0.27706849551854307,2.0461262387656074,10,0.0
1.7066745105075656,-0.08848920617231117,6,0.0
0.3865918643399891,-1.1812008017467959,39,0.0
0.022025847050318625,1.184837965692922,20,1.0
1.442687766274676,-0.5497839433320696,25,0.0
-0.25855696230740377,0.40683887693913867,1,0.0
1.2891530378487037,-0.8620097882148534,47,0.0
0.3479003624416173,-0.45867238984402187,5,0.0
-0.4009304330197403,-2.348081379301994,8,0.0
0.9160257285105087,0.9451451819674921,9,1.0
-1.782369023181177,1.7773539676492636,23,1.0
1.1576588190851413,-0.39460939339335416,22,0.0
1.165821872808003,0.10693421201244369,37,1.0
1.7514875716250218,1.5902317313009804,48,1.0
0.8342314074976378,1.5989427634979974,30,1.0
1.748499842311806,1.0101263576540387,5,1.0
0.05286299441633745,0.6685036858178527,17,0.0
-0.6592844148015988,0.261969956809206,30,1.0
-1.126232506462006,1.1132834349536882,11,1.0
2.5199086447554566,2.3077513268813536,24,1.0
1.6530747898642766,-1.5107980973877013,11,1.0
-1.8141472500380262,1.1993493343599262,30,0.0
2.722223542693492,0.35157847833265454,20,1.0
-0.42799279188511935,-0.19306603927086427,7,0.0
-0.19447021479087767,2.501193623417974,22,1.0
0.04429526998942246,0.683530526736361,47,1.0
0.6970172861862016,1.2555758727462973,12,1.0
-0.5475944368442623,1.0864577594917144,31,0.0
0.6545720736594479,-0.66220609801016,35,0.0
0.1069000671539303,0.4271416092781989,39,1.0
-0.9642655736627169,-0.3028906955347996,20,0.0
-0.37079443532839984,1.5450171771581664,21,1.0
-0.4896573599779036,-0.572619113137027,30,0.0
0.6200950335027828,1.4580199518120016,21,1.0
1.1679569470920803,0.7958829468924825,20,0.0
4.079332994948476,-0.00496480436243818,41,1.0
1.6726210099857524,-0.09926103139429547,1,0.0
-0.06642284965064205,0.02308980413941275,6,1.0
-0.4521152024906196,-0.19654201910059474,25,0.0
0.6085917205853422,1.7422839456708497,49,1.0
1.4997141480177096,0.748723936570979,23,1.0
0.7715223992774876,2.6360323510531902,45,1.0
-0.6556725044674352,-1.1370700640127376,17,0.0
0.1830978664450148,0.3670383197107525,7,1.0
0.35976574365291947,2.761334330513157,27,1.0
-0.08647525909368013,-1.0179287966349537,20,0.0
0.37076273858679265,0.2087758586095736,22,1.0
3.425657395083491,2.003277060924978,22,1.0
-0.05358797451451774,0.8978472026661739,35,0.0
1.146236986562706,-0.8930792143267021,13,0.0
-1.718883790914031,1.3510865213283678,14,0.0
1.3098648500485983,1.218301595639256,12,1.0
1.7700929033772057,1.63884693383583,23,1.0
1.4997515944951025,0.7310863380620667,25,1.0
-1.144009608306943,2.709251060958348,47,1.0
-1.4302184199519363,-0.3167184488076165,8,0.0
-0.8941967937122667,1.2305403898450997,25,0.0
0.685329211637964,1.0770389770405648,35,1.0
-1.044990437202269,0.47011966797974325,25,0.0
-0.138527219604901,1.3166056190722846,22,1.0
-0.1828614421148166,-0.7863744118035255,6,0.0
0.8995332171235494,0.9217947048661945,25,1.0
0.4102827352210984,-1.644859736415795,21,0.0
1.9920780795901476,-1.2717997839046387,23,1.0
0.09120897850233603,0.3180617364794578,9,0.0
-0.971032943682456,-0.13797887666456432,41,0.0
2.6040556069267993,0.5766425453703528,7,1.0
-0.38317682652053753,0.49448469332929423,7,1.0
0.7772114682428095,-0.6394090793866066,39,0.0
-1.0300963598840354,-0.5853615650786099,7,1.0
0.9887084145212823,1.3184819320218875,26,1.0
1.8963283422008859,0.7908813101835939,35,1.0
0.7535999305947052,1.196834901089431,8,0.0
1.1457234245108667,1.6169483103717068,5,1.0
0.611753937221898,-1.5524998402982604,12,0.0
-0.3487489250847687,-0.08583400822380183,39,0.0
-0.4193862339305467,-0.788305091163948,1,0.0
-0.4811706891312979,0.622997459451869,11,1.0
0.45683977557147504,2.411766292302791,5,1.0
1.821520685933456,-1.4136185037069207,18,1.0
1.8390609743483544,1.9323529225743912,26,1.0
1.0632323143366809,-0.054196233559050545,22,0.0
0.20471062142237656,0.033523616197292064,2,0.0
-0.36770835089059334,-0.23329751479442037,35,0.0
0.10291509036968502,-0.2910615169960611,35,0.0
-0.1598556241714919,0.9914683055485297,5,1.0
2.2125414819177247,0.7504432261170761,6,0.0
2.8265397993677785,1.2003386943229788,47,1.0
2.5774688229390987,-1.6000960860052729,13,1.0
2.9750553926578753,1.7843789934017475,5,1.0
0.64508013964213,1.376820044813333,21,1.0
1.5212838322426145,-1.7098204753464246,40,1.0
-0.915141614431155,2.915783991872204,11,1.0
2.098668966479203,0.8330759689265933,19,1.0
0.677041842040468,0.5863006689717111,20,1.0
-0.31775022217468896,0.23963254570633227,16,0.0
2.325620821331837,0.37942970066743753,33,1.0
0.881333502814891,-0.19957842146173022,25,0.0
0.8594712413885501,0.8216653902319881,1,1.0
0.17292765203422183,0.23280139474991499,30,0.0
2.7273726994217866,0.5951640386176364,30,1.0
-0.5541072739567007,0.5909151846951272,7,0.0
2.601311498298686,1.1493045641581006,37,1.0
1.135825189096364,1.2443134137494678,22,1.0
3.188713400157927,1.5476491341761003,12,1.0
-0.5841754048930023,1.7093179110132874,15,1.0
0.5800881243782846,-0.722527030323413,21,0.0
1.3466908819803445,-1.360602685146478,39,0.0
-1.4847021161452716,-0.7715258592828224,11,0.0
0.9505372408264441,1.539236535137678,5,1.0
1.208747132399495,-0.4662283697495302,1,1.0
0.7889226553929447,-0.9811107517189762,15,0.0
0.7466542792149725,0.06508203059610675,35,0.0
1.132968945710688,-1.8544580793799685,2,0.0
0.30088035335176017,-0.025261708557887563,5,0.0
0.8595573922653541,-0.0651784270983333,13,0.0
0.836492897296011,1.9110840138371716,48,1.0
-0.29361804201616715,1.9715527192340438,7,1.0
2.196401053828149,1.7683184844359825,35,1.0
0.7204338111642424,-0.46735932896678756,22,0.0
-1.6216578516301974,-0.8072705120234357,9,0.0
0.6961783703709123,1.2204342742736334,5,0.0
1.5263585142517404,0.1680033371256276,7,0.0
0.8296042946699318,1.0197958546642734,40,1.0
1.2002344460197798,1.0048413023658354,40,1.0
0.4585369259859564,-0.50451978892549,45,1.0
-0.6999971643117082,0.8035689491933509,22,0.0
0.7938135112697904,1.6757199640483027,6,1.0
0.6334860752634137,-0.7303661529656237,5,0.0
-0.2140423732241643,1.2509102192210562,6,1.0
-0.8988925264935912,1.9656120724986361,47,1.0
1.831767680871248,1.0151739044312063,45,1.0
1.0252848929101195,-0.25460219202210727,41,0.0
-0.5119708525545918,0.699976223033374,9,0.0
0.3994979695357415,0.21512225159444187,21,0.0
1.6535649206083454,0.5598605713800691,22,1.0
-0.21656190384995105,0.7878629388849242,22,0.0
1.7291513075996343,0.9398903931676359,25,1.0
0.08085124778614793,-1.4658686062592625,22,0.0
1.1538940229323025,0.5033143637648226,39,0.0
-1.9288403032870354,0.2846768019240787,41,0.0
1.1689398784585154,0.7472027611879796,12,0.0
2.066324158817665,0.46480958289935137,37,1.0
0.5822675329798469,0.6704711549092457,35,1.0
-0.24779205279712524,2.1668320209851455,5,0.0
2.676170858797371,1.08421103775105,22,1.0
-0.24432296355835614,0.03713044275299082,47,1.0
0.34818074554686596,1.8042578777204878,20,0.0
0.7032575692353135,-0.7088389610615168,30,0.0
-0.3103716641323604,-0.44702374357081587,25,0.0
0.8477040116842813,-0.6500442510027169,15,1.0
1.5480416201694611,-0.21661641703519163,48,1.0
1.087935224781709,0.34774589191387006,22,1.0
-0.24240329734766689,-0.10086772407656909,10,0.0
1.5345973477772277,0.41029228135302687,20,1.0
-0.7888392308257843,0.34344853294280514,35,0.0
-0.6707974715811789,2.509063674674893,1,1.0
0.656702067646306,-0.2502197227448403,23,0.0
2.6031439024025813,0.5494004327335352,27,1.0
0.7832709491197217,1.105067848357299,37,1.0
-1.7916672849797477,-0.2057204731271652,1,0.0
0.12606998445169448,1.5215242871435708,9,0.0
-0.09603944031443219,0.43059961653758927,32,0.0
-1.4500674734859713,1.243582976629959,1,0.0
0.7602611970181729,0.19711594184107595,13,0.0
0.5745600057681474,-0.30602338423626274,11,1.0
-1.2759901443679715,0.7708513209891801,8,0.0
0.9032300091128844,-1.4875617831883745,21,1.0
2.2835048610314184,1.2840968688944248,40,1.0
-1.2291223364371315,0.3894313950335382,35,0.0
3.207594819741663,1.0422989155193487,24,1.0
-0.41952805408512783,0.01733054518724406,7,0.0
1.7544519774058722,1.6446631516170958,20,1.0
0.11998324400983791,1.3853792286360052,6,0.0
1.3967875930983635,0.6438673116880829,15,1.0
2.234188422571065,0.23469876913733867,22,1.0
-0.35416070816810047,0.037345182630109566,5,0.0
0.5212854096433706,-0.3885869083300968,25,1.0
1.4037529522622936,2.7609183081801665,47,1.0
1.2324170865117532,2.127228767649023,1,1.0
-0.8910047394586802,0.12869644270267647,22,0.0
0.10408450764956707,0.04897010057442636,2,0.0
-0.3422969730874754,0.1384732159008072,48,1.0
0.03569084430409454,0.0941641370722204,47,0.0
0.20011383445146813,1.3952624502410724,25,1.0
1.491033424918359,1.0178380722605387,37,1.0
-0.6348349582140445,0.11175956484227453,9,0.0
1.0930107701736886,0.24354795523109923,1,0.0
1.2461491809056195,2.0598986743623247,14,0.0
2.115432360647501,-1.2754613559142427,21,0.0
-1.544229901127538,2.0955500113873597,6,1.0
1.6847896232193893,1.2783346394060762,22,1.0
1.5512589933416017,2.641231942747857,48,1.0
0.3788172495436284,0.07737479247133662,35,0.0
-0.9929688945752576,1.0061033197338438,39,0.0
-1.1307013666674424,0.5869595406080766,39,0.0
0.8127815919578658,0.3904856544880655,2,1.0
1.5435091077642018,0.30997933519895915,5,1.0
3.064334840330308,-0.7815272215027553,21,1.0
-0.27316761246084853,-0.5887510743599413,25,0.0
-1.6578775722801473,0.8187911437702898,43,0.0
3.1916642188579027,-0.09961528385151519,47,1.0
0.24134147560572072,2.8917074222903416,22,1.0
1.0238360829646618,1.7048355622729092,25,1.0
0.7963095520947524,0.360151198448438,39,0.0
-0.281500851580678,0.8822091192573606,41,0.0
-0.23966135475228478,-0.21277776096917903,33,0.0
0.5407613165974682,1.6231118352765455,9,1.0
0.9752846320075738,1.3983327783429018,25,0.0
0.8562979102170559,-1.1233605607620096,14,0.0
-0.9307773059036522,0.03985749982437699,1,0.0
0.1797173466479077,2.385460691864615,13,0.0
1.1073525902679846,1.4761916992202782,3,1.0
0.8824093907464498,1.00191186231708,2,1.0
0.13926482434471033,-0.6739687588051145,25,0.0
1.439514030660618,0.9909097775753272,12,1.0
0.46680486816387057,1.460545535715691,35,0.0
0.5150037611429796,3.6045857954373477,39,1.0
1.5599323914243544,1.1578958868741733,35,1.0
1.3249883349343479,-0.42230891473075793,22,0.0
0.628840540323773,-0.2580953313153528,14,0.0
0.5502852779125638,2.2300850560090577,7,1.0
0.3760367434058185,-0.12352806196594268,35,1.0
0.1621018649997648,-1.1120061321006218,47,0.0
0.006025390064130608,2.024142430027203,22,0.0
2.370367058521816,2.133861856889151,22,1.0
1.294445905624292,0.9715257150179677,1,1.0
-1.6624561632126986,0.8414144721385411,43,0.0
0.2730623557835741,0.8355749593872364,8,1.0
2.4622914550175636,2.7897457984291485,47,1.0
0.5677840016956823,1.1588463997495757,1,1.0
0.8693572536204583,1.5095481737327678,17,1.0
-0.5544189998260592,1.2639105034402793,9,0.0
2.441535056119278,1.0687749480488375,5,1.0
-1.014289742729776,1.314874365483638,6,0.0
-1.0368431475905635,0.9239070842230636,22,0.0
1.112730883539972,0.060458416809546445,7,1.0
0.8762789468729862,3.1495052776125534,25,1.0
-0.003447652515470745,-0.006449195200443736,37,1.0
-1.9222041586936232,-0.19932619684523273,6,0.0
0.7587936336577903,1.1725864432575204,12,1.0
1.469316777834727,-0.24638634840394946,12,1.0
2.1027410450378534,1.6476782879957252,12,1.0
0.3660437777613653,-0.775504205231528,48,1.0
1.3870866504894208,0.9619979899473179,49,1.0
0.2263083426010461,0.674275829020104,25,0.0
1.3805318007236282,3.277050103677018,19,1.0
1.5010852120148352,3.5146124665937855,47,1.0
-0.07026877184403535,1.500012555431312,17,1.0
-0.515087604107108,0.30518574130881415,33,0.0
-0.4777607532642004,2.232503252757105,21,0.0
1.7080885267647048,2.1080187797935706,6,1.0
-0.21220867742903368,-0.857192655823578,17,0.0
1.286498524106258,2.805044933870705,47,1.0
0.33536794548646864,0.8082743709003304,6,1.0
0.332733626381539,-1.494359021591869,21,0.0
0.7192516285442103,0.4113984917389186,13,0.0
1.5601173521298943,1.6229562104352773,7,1.0
-1.5136204456443818,0.9472150072832145,20,0.0
0.5454013231384623,-2.5496392655268028,1,0.0
-2.508875855713618,1.8520604600890556,31,0.0
-0.6327451081920281,1.9046753741077909,28,0.0
-0.15678218582066425,-0.02967843512953158,22,0.0
0.03281687967482991,1.4125983677236318,41,0.0
1.2381527074599354,1.534711600162025,33,0.0
2.704008286286433,0.038839206671642645,2,1.0
1.8961027548693385,2.8103254066272747,5,1.0
0.43483244554762945,-1.3831763966609327,7,1.0
0.4548468247675137,1.3355134330297467,43,0.0
-0.14829643289728156,1.8286130256737168,35,1.0
1.52675256007598,0.3036365788909805,8,1.0
-1.0727999560274042,1.4921006391980602,47,0.0
-0.5888276602199869,-0.6472433420900712,2,1.0
0.6340011413962989,0.13150441600363474,39,0.0
-0.6349048121443992,1.7745090023697712,20,1.0
2.176282754559745,-0.031815742559921034,5,1.0
1.0066395810377062,3.130183648868941,27,1.0
0.22088260108322283,0.5009697499769599,6,0.0
-0.02228614595662281,1.228517663589649,21,0.0
1.5243996683123877,-1.6846232247303095,21,0.0
1.507414090789454,0.6743969571050143,26,1.0
2.3431725357592246,-0.9087766935309758,15,1.0
0.20109304902643732,-0.4080509979393485,22,1.0
2.3737473227859107,1.245032561619505,25,1.0
-0.03558658290306327,0.787037990271543,1,1.0
2.5501657873327757,-0.5985573449407078,45,1.0
-0.3202729801238163,-0.3044313664089358,6,0.0
1.0142832367691859,-1.2639240575230706,13,0.0
0.5587146713061463,1.1268865716443373,39,0.0
1.4029188417148537,1.8511914320026914,21,1.0
1.8279831585754671,1.843870788364784,2,1.0
0.9196523008796416,-0.5723511842232352,6,0.0
1.4372878358133776,-1.6576577049737795,6,0.0
0.45322853131975716,0.7716028708768907,5,1.0
-1.1761793176592947,1.7420709972025534,47,1.0
0.59868089591396,-2.06184655002985,13,0.0
1.637914926360904,0.12568357153425624,21,1.0
-0.1272863211529114,0.5398642234329838,30,0.0
0.2598387333151398,0.6933448945227015,5,0.0
1.6290117557784425,0.22941207743575562,20,0.0
1.5649471033016744,1.8361348785852663,48,1.0
-0.36547922692512397,-0.8152454424174556,17,0.0
1.8625783983463404,0.26284218283871075,25,1.0
-0.5627223120148399,1.3104130454978227,9,0.0
0.8095536217098944,2.620408186905404,2,1.0
-0.01724008559261111,0.6430265373263457,22,0.0
0.8369996040606584,1.4777980831485495,6,1.0
1.836600743691509,-0.1526641141953764,26,1.0
2.4037691241330736,2.7453923388136228,36,1.0
-1.2775659692988814,-0.5900721593067364,9,0.0
-0.03905216471607553,1.1442297679119533,33,1.0
-1.2657998095755498,-0.45171896488501134,39,0.0
0.860725852117961,2.8176007042185134,23,1.0
1.084257033026286,2.1685742042173333,38,1.0
-0.4026315589058171,0.42678753064687913,21,0.0
2.9794709000664144,0.8574678328340516,5,1.0
-2.4536269973228704,-0.024451620932400202,5,0.0
1.7904461402432643,1.1669397268247488,37,1.0
0.023722904706393693,-0.9676072620915321,6,0.0
-2.187505516681204,-1.5208125944009363,21,0.0
-0.45269872021863433,0.8993485642124992,9,1.0
1.8426935270412166,-0.2491517567508379,5,1.0
0.6791841229518936,0.7602439549404938,27,1.0
-0.21216670513585958,-0.5067047989394401,9,0.0
-1.6201933325302256,1.9979279368391252,34,0.0
0.7950311933407771,1.1859777169392607,48,0.0
1.2076084973182712,0.2148721140826272,33,0.0
2.1792170404929387,1.3142929922165423,20,1.0
1.1238997952272773,0.1841105181293275,5,0.0
-0.9523807666290715,-2.1510016740068405,1,0.0
-0.36654838038431437,-0.21108076442204668,43,0.0
1.1323212866642858,2.0920205779067036,45,1.0
1.4180037661986988,-0.05931772136630853,47,1.0
-0.46326004399257803,-1.465575962835634,1,0.0
1.1773296252962322,0.6161516173856194,11,1.0
2.2384146864206538,1.4021934970118517,19,1.0
0.48097561935011857,2.1540439190442946,25,1.0
0.4691562797709484,1.7668260221843992,5,1.0
0.29565179193464475,1.762763403550617,2,1.0
0.6336780851769512,-0.014057158150448418,20,0.0
-0.2488887911271862,-0.8189021002168861,47,1.0
0.63854443668905,3.3000533479889484,11,1.0
0.7225508647058242,-0.7180582254948333,48,0.0
2.0054933259675636,0.40978840527569127,2,1.0
0.4833462128087277,-0.2645856950929435,12,1.0
-0.4733471949145844,1.1538736887568273,1,0.0
1.365861382696289,0.028092847999902748,41,1.0
1.2860448694490507,1.039232017416703,3,0.0
-0.8424482374199689,0.40724303403691836,30,0.0
0.6700905683930465,1.3183390719356707,48,1.0
0.06100532684471849,-0.19145354854920715,10,0.0
0.36563225413580946,0.24161136693688734,20,1.0
-0.25061878387859465,-1.9182363479764528,8,0.0
1.799869260099518,1.3698587231665498,1,1.0
-0.2715645320323429,0.1728262167996493,6,0.0
-0.5754754477399656,0.8223609378937592,7,0.0
-0.14068517303364692,-0.7029420807755962,1,1.0
-0.9951016891358692,0.027556782297532667,21,0.0
-0.4742678887253854,-1.325006440791172,20,0.0
-0.4614386874922427,0.5132020739829763,21,0.0
2.383239481461664,1.6583330043911277,5,1.0
-0.6207699380638507,-0.041741266343022894,23,0.0
0.04305647803823143,-0.018409599923262743,48,1.0
-1.3972272387773037,-0.894635223477048,21,0.0
-1.282603818942885,-0.020779422489327404,25,1.0
-0.9200800807508434,-0.5770308212571121,12,0.0
-1.537268285476664,-0.5065066063544077,23,0.0
1.1919809982663914,-1.0837074377861302,9,0.0
0.37371316594837817,0.5347179086850598,14,0.0
-0.5409072858768172,0.3712333330649715,41,0.0
0.8932223004620975,-0.1085143517846408,22,0.0
1.0898467607110267,1.8795935913813318,35,1.0
2.676705776336361,1.1881965865167168,27,1.0
0.27149501349462846,2.6128720737993616,2,1.0
-0.3241543331328992,1.0360168644823267,17,0.0
0.6303472320587841,0.4181808975258293,6,1.0
-2.192011502081181,0.8155242965866691,1,0.0
-0.2582551496352424,0.18169067122101507,1,0.0
0.3357885510070703,-1.0165455522500537,6,0.0
-1.4967992218524024,2.669903392089305,10,0.0
3.2027919391082382,1.296564335673801,47,1.0
-0.5455662200891442,-0.18147124104325063,7,1.0
2.060654487147353,-0.3840312119956728,50,1.0
0.27552223207156057,0.7370850822870633,20,1.0
-0.5563252477643158,-1.6461679414367196,17,0.0
3.034788490127347,1.7814578778124215,12,1.0
0.9707600032791613,1.2781842112655202,2,1.0
1.1476007275212212,0.2948895173270004,1,1.0
0.5336524579221297,0.32968348397451946,33,0.0
1.5587036041057314,0.2524938266589205,20,1.0
1.6272165293942726,0.8850196796839432,40,1.0
2.3921397688833945,0.4076346592591801,11,1.0
1.8900177854494102,0.10161634888071336,20,1.0
2.057030446540268,1.8337493141854986,27,1.0
-0.20646785474223833,0.6304881730747552,14,0.0
-0.21337300691684272,-0.0849911462685729,43,0.0
0.41232611509274353,0.08378169786917666,7,1.0
-0.09763095567379021,2.4037310183244576,45,1.0
0.5270558315884597,0.6439242575134015,37,1.0
1.2442050265631073,0.9693102444876522,5,1.0
0.6718773629851525,-0.0884294532383942,5,0.0
0.7339410892000522,0.554072536270348,17,0.0
0.013712763113189416,-0.7197381831021936,35,0.0
-0.03582404339028126,-0.12697013915429942,17,0.0
1.4389925037236067,1.2657216816488963,6,0.0
-0.6361721597861068,0.9579654098517912,7,0.0
2.0914104003520224,-0.8336905429116777,5,1.0
1.0205846216634253,0.999836823366308,5,1.0
1.7025552181319146,1.1636652494566884,32,1.0
-1.0984616913652894,0.613879210568903,40,0.0
0.599043507765493,-0.8606711685244912,31,0.0
1.5386259959047948,1.7826973422746897,20,1.0
0.731456893335385,1.012809243576044,33,0.0
3.2510213570075526,0.6116071134488863,25,1.0
-0.00906541155452234,-1.1666106052709075,7,1.0
-0.6727643567282298,2.732346109634199,7,1.0
0.7355558433070087,1.2543437160326742,11,1.0
0.5444647490138222,0.03150039600616414,41,0.0
2.305802036489256,0.9396143991206931,19,1.0
1.3009853562504619,0.21213675519059313,8,0.0
1.636021333565648,1.1336828350749484,15,1.0
1.0512585116202229,1.4204183706143754,22,0.0
0.03359553347827137,-0.039343361331350774,39,0.0
0.9679186468589118,2.3956737894226965,17,1.0
1.7595346863660648,0.8246881613308966,12,1.0
3.280427567919613,0.8700647026200298,47,1.0
0.950819004589691,-0.1900400500770196,10,0.0
1.1127802794826365,0.4396084087210541,7,1.0
1.4059648684683523,-0.7639185448855748,25,1.0
1.9428501108681888,2.1789254172266217,1,1.0
-0.6692612547786775,1.5681690362149285,17,0.0
0.8535367229093677,1.1886541163573638,19,1.0
1.587645608158568,2.7048606381050266,40,1.0
0.47195322922957816,-0.1587046722789911,35,1.0
-0.4412678168761444,0.4970543600930406,5,0.0
0.7239367541305071,-0.047100369261089625,48,1.0
0.7295611059537017,0.3663855132560122,47,1.0
0.6533763014639113,2.4144132561712945,48,1.0
1.9086030547939392,1.7933252632832408,40,1.0
0.27427143645406493,0.6618330703535529,37,1.0
-1.0549277431344803,1.887617836129956,25,1.0
0.4820215014099757,2.2214779149499746,41,1.0
2.11430919751982,0.8658498250483727,25,0.0
0.584142265289402,-0.11558946488811439,41,1.0
0.5207711488712665,-0.8998680958960499,12,1.0
-0.8196628090598573,-0.4659537649357579,20,0.0
1.5443982744837923,-0.4102022217538391,23,0.0
1.4013871019891722,0.26660719507718783,6,0.0
2.1739807838106944,0.3952803516257585,5,1.0
-1.0469354498209456,0.9797134020845282,8,0.0
0.3079124535152149,-0.2253998904500516,7,1.0
0.3154181049734407,1.0358370530124479,7,1.0
1.7607655013163352,1.0032086070934203,48,1.0
0.3859081458024197,0.04709795648076498,20,1.0
1.841689931528398,-0.013528611643397807,37,0.0
0.2671320403298051,0.3235861767355359,17,1.0
1.2437865302303586,0.7633168973241247,21,1.0
0.3242808957194786,0.002841871539381097,35,0.0
0.13609877749227495,0.7986110854548185,13,1.0
-1.6994604401859086,0.1957325625209566,22,0.0
1.195045506636272,0.9085463720877732,15,1.0
0.8236304897003204,0.3896032040313343,15,1.0
0.3306179051134141,0.7773753717417389,5,0.0
0.5145720247664441,0.166679170909052,21,0.0
-0.25267815774145963,1.1311376405690647,11,1.0
-0.5737281233649444,-0.5152741909512834,35,0.0
-1.2545942298483288,1.4556352481423078,1,0.0
1.0136242479756465,-0.5913334447134722,23,1.0
0.16479496936547658,1.557550204174699,13,0.0
0.701207779775375,0.8295046137806558,45,0.0
-0.7131548582632908,-0.9122623135426033,39,0.0
-0.15962855420539057,2.0099958418985455,7,1.0
0.1653336318509537,-0.4401332415792896,33,0.0
0.48293837672557893,-0.015197002119528924,17,0.0
1.2053939449151931,0.0901137620048551,41,1.0
1.4255741905711516,-0.0981867586150249,11,1.0
1.0028942616721768,0.1682165709934602,23,1.0
2.7498380512910363,1.200370011114907,40,1.0
-0.2251158070055392,1.0058416736460853,10,0.0
-0.3345892960734484,0.6070370630782193,30,0.0
0.3330901571785302,-1.1378975573458863,9,0.0
0.4792679451046339,-0.02519543533643156,5,0.0
1.215512026456382,0.4373622625174304,5,1.0
3.915531027272609,-0.962077644512404,15,1.0
1.7452157327529396,0.6137316868762659,20,1.0
-0.18872073994465685,-1.070004568591087,35,0.0
-1.5846379926275935,-1.1336512966085839,23,0.0
2.216536656915122,0.12110035179043623,7,0.0
-0.3526099007861001,0.7529170172231753,9,1.0
0.7841917643783977,0.7478329807347743,35,0.0
0.39578534459355125,0.35804596792787907,13,0.0
-1.0904260407739055,1.5761239164951313,25,1.0
-0.6773504915504501,0.9380361605975649,21,0.0
0.5577757446397311,-0.9915364111549625,10,0.0
-0.5266510681423772,0.07954297434187589,41,0.0
-0.0015217076641700633,-0.849285130506018,21,0.0
-1.202971495690008,0.11641187415613653,21,0.0
0.9939102706800128,0.026116302511257516,39,0.0
2.267464025937495,1.3295507844476986,12,1.0
-0.367429011571784,-0.37444809643321847,6,0.0
1.0328109661055709,1.1431134021289306,39,1.0
0.975130351970003,-1.2224509760554252,45,0.0
2.6207655978437945,2.040721852079942,17,1.0
2.7932292862357553,2.6728014480689453,5,1.0
2.231744996098022,-0.05270619015960909,21,1.0
0.29578010020595946,0.14551450074124173,11,1.0
-1.3914781457095515,1.9168803924372007,22,0.0
2.3997447167760986,0.43964418021208695,25,1.0
1.9877903018395255,0.9139176136039084,48,1.0
-1.0565080171284973,1.4595308038218422,45,1.0
1.0621723395038916,0.8038603970832741,25,1.0
0.24912936776576317,0.14493612660555727,6,0.0
2.494935568898013,0.1464331041861543,15,1.0
1.5292810029806165,0.5549718878507102,6,0.0
1.0334712449663392,1.8447047575194995,23,1.0
0.8650045714447543,-0.4726495579894011,17,0.0
0.21770400888538455,1.6497161294354792,39,0.0
-0.7315394814747224,-0.9204768219788338,22,0.0
0.8665325266640747,3.062528398109809,20,1.0
3.218096857725156,1.4901634962528523,1,1.0
-0.12398340853744548,1.30193901307352,17,0.0
1.654607415744088,1.1134817503828465,13,1.0
1.6588877944700802,0.09038138107928129,2,1.0
1.7781726812183574,1.4171819344125292,36,1.0
0.3150900034650015,1.1331358601089023,23,0.0
-0.28856230954959483,1.0825578647191536,47,1.0
2.6304180306468314,1.4922034015302161,6,1.0
-0.7824670609033895,1.1478109056702426,33,0.0
-1.2508585480304595,0.2559244582099937,6,0.0
2.775873618142334,2.655907972368655,11,1.0
1.7904432143418394,1.1254765525959947,30,0.0
2.36522714705775,1.4860068815957097,48,1.0
0.8935213126871886,1.5415584211421758,10,0.0
-0.8608554221371607,-1.5252297851080978,33,0.0
-0.4328436612392637,1.9635874198131957,1,0.0
0.5521818386898839,0.2585370678539273,12,0.0
1.4521263146669603,1.4580386310853908,49,1.0
-0.2094163622209082,1.1979053169021312,21,1.0
-0.4817681657157135,-1.6478190623755988,2,0.0
1.0116947159293146,2.7058847015471654,7,1.0
-0.15089129507173207,0.35495331721742124,17,0.0
0.5961550424136531,-0.8333701913658351,8,0.0
-0.08895993413986229,-0.20659524384910155,41,0.0
0.20893260954711357,0.9306564231693034,40,1.0
1.7756266373398857,0.9640304466256201,17,1.0
1.4965276637921823,0.5567312129117838,40,1.0
0.13442970636003929,-0.43703423390573515,27,0.0
-0.501589164873369,-0.9718101694657965,3,0.0
1.2332647689931826,1.0907706243910145,11,1.0
-0.18364609861265158,-0.10874945608931719,25,1.0
-1.1198717819119923,-0.08881784104056525,17,0.0
0.10232357497913969,1.447306571862986,27,1.0
3.394091947135201,0.979782076999967,48,1.0
1.562421192432992,-0.05329829099498638,35,0.0
-0.7716525726898354,-0.329018112248469,12,0.0
-0.06138354422685155,0.3148801436158495,6,1.0
0.44395717838335014,-1.4766991777286713,30,0.0
-0.4426682047825726,2.1967623320185856,6,0.0
1.3836392198531346,1.0841224802669212,5,1.0
0.04314337188861772,1.7255234886900745,23,1.0
-0.6923716518472984,0.6821218039846031,21,0.0
-0.8580001023455455,0.7874639570600865,6,0.0
0.6972122863291716,2.6784708590332618,7,1.0
-2.6663201739171036,1.2524417315255412,8,0.0
-0.7233167411221876,-0.3584740847589457,13,0.0
-0.6424385558631762,-2.2133055783055173,35,0.0
-0.4921873549849541,-0.5473396642513265,2,0.0
2.0349781670580773,0.9601173750723939,37,1.0
2.5078090517402347,0.6728813532279905,17,0.0
-0.4429893264802134,-1.7705418254447485,2,0.0
-2.1645799068533247,-0.00469958105532292,8,0.0
0.9905578058793192,-0.4534922765753497,6,0.0
1.8970088929649678,0.7438677857919951,20,0.0
0.03528673239753183,0.4301742620092107,9,0.0
-0.4417752055753499,1.5470283536565907,45,1.0
-0.39349082075694874,1.2541384051950775,4,1.0
-0.8859271694045919,-0.6688049365507658,20,0.0
0.01993210237210761,-2.4169936810815513,7,0.0
-1.3456119997167901,0.45336544546604346,33,0.0
-0.9112825151522627,-1.0120326361830256,17,0.0
-0.40418205752702385,0.3039917827223077,17,0.0
0.5497303022389459,-1.5450398505847898,2,1.0
0.7228124557053753,0.468310773154879,5,1.0
0.33031220422298635,1.9484410475964375,6,1.0
-0.08440740890399011,-2.034002491050275,11,0.0
-0.13438000886701218,0.32296921248506216,6,1.0
0.4402813173992304,0.4272069580404467,20,1.0
2.35626766911496,0.7628029655415237,41,0.0
-0.16344603210029374,0.21426690774098223,48,1.0
-0.23964110020998133,0.31637768972924063,5,0.0
1.0559904379024427,0.16269194583127128,1,0.0
0.05511669854844892,-0.03864132857319791,23,1.0
-0.30211410658984916,0.29477402932079255,41,0.0
-0.3416241481856816,0.42187604963605435,37,0.0
-0.2812565217213724,0.7011593166943215,13,0.0
0.40952071228681103,-1.517584265173241,9,0.0
2.9554665267917324,0.5056744447019561,45,1.0
0.37599408330055684,0.7183120690667762,22,1.0
0.488730819004367,0.9999896684466232,13,0.0
-1.6004500051540984,1.0127084809298899,17,1.0
-0.9083000519856907,0.6642204306653006,39,1.0
2.579724609789646,-1.4026260812323499,45,1.0
0.19567679124441253,0.8828860823536693,5,0.0
0.4598577158957943,-0.09985200399747085,6,1.0
1.4975193800276738,0.98906274164027,25,1.0
2.177144407175366,1.8049866635676022,21,1.0
-0.7323229517399205,2.3640545606242673,13,0.0
-0.45273277853474575,1.6742460845235756,1,0.0
0.319675506009757,1.893619862043622,22,1.0
0.5542919061235071,1.702396444033604,2,1.0
0.7080316943137197,0.6987559985259717,17,1.0
2.2343215908661733,-0.8896935806675469,5,0.0
-1.0522074038713314,1.700787817337503,21,0.0
2.803963655603774,1.9079814821613685,6,1.0
-1.1153872857288976,-0.11965734095568487,6,0.0
-0.8251332827149851,-1.161509189719848,6,0.0
-0.48057116345771606,1.190789257657676,11,0.0
-1.657161715773207,0.02562291807013167,11,0.0
1.4514938366073822,0.26800460237313395,7,1.0
2.194003049399083,0.22170746828007182,11,1.0
2.224562392073206,1.2059709694612812,21,1.0
0.21542447263775932,1.2039877770389857,35,1.0
-0.03036178988385405,0.7899057971499702,21,0.0
1.945317818379902,-0.42690278323983666,5,0.0
-0.1064979163159547,0.851642438730587,21,0.0
1.523942537632218,0.885499085137131,47,1.0
-0.04541666104602182,0.1844290317786199,5,1.0
1.78985500756509,2.832734433249035,6,1.0
0.34941851961344517,3.566067434786538,22,0.0
0.746124718659724,2.879576418314563,38,1.0
1.4535191254584672,1.0171923189927872,48,1.0
0.013055258460622388,2.0069636623714597,40,1.0
1.418950265321625,0.6023492159389809,37,1.0
-0.7330294972504642,0.36583852025870045,41,0.0
1.3982503853041315,1.5545532108387734,2,1.0
0.009388669622810177,-1.004035757304352,48,0.0
0.14017407726872666,1.7813176793569818,11,1.0
0.3906112037753031,3.1905813480018197,7,1.0
0.10322328747349385,-0.5692773201941559,12,1.0
1.0562392678641483,0.6361747911403148,6,1.0
0.2674765618934375,0.05601362052552677,5,0.0
-0.7954421593251251,0.22646923317034215,12,0.0
1.0272749890433175,1.7685829493840943,43,0.0
0.35128489863098067,2.146255349452675,1,1.0
1.361475824222484,-0.9378550233329704,1,0.0
0.05929588295284116,0.7354934614284295,20,1.0
2.1465752198529477,-0.10863824698442115,8,1.0
0.1498987785888589,-0.0650976964884908,23,0.0
-0.6307896523584084,1.3629593258169692,35,0.0
0.7002542443868777,1.2874637438228005,20,1.0
0.677374041332974,1.0427872054412732,5,1.0
-0.27769887568519747,0.6886294488985876,20,1.0
-1.296000659898394,1.881664525944827,25,1.0
0.4983716012536612,0.930653391616197,22,1.0
0.8913334814316993,1.0404684341645545,23,0.0
-0.30604746997263765,-0.017885861676179227,48,1.0
0.7510121943153454,-0.6218779404845378,20,0.0
1.631945312296251,-0.3199029484318332,22,1.0
0.016043615208379387,0.16480556211604303,41,0.0
0.08921538399544013,-0.5310969416350154,6,0.0
0.3266801678819985,1.430268926544058,12,1.0
-2.0383849018571647,0.03105258942693608,1,0.0
-0.050541333396135577,-1.4659430816530175,20,0.0
-0.6699300401383311,-0.16858818162477526,11,0.0
-0.30349129277824316,-2.1403018221608114,22,0.0
0.31501477371736153,0.4351481707847422,2,1.0
1.3420604526507534,1.825784650559228,22,1.0
0.9839018805965347,1.0856873225689476,14,1.0
1.3531771834427548,-0.19702030610537788,33,0.0
1.7057535737731904,0.9601963932206506,13,1.0
-1.4273255636662507,0.23372327841516033,48,0.0
-0.46301063973323814,-0.9047567362620463,3,0.0
-0.01645829508575547,1.6795141299767256,2,1.0
0.1907174754683442,0.4074648944045178,9,0.0
0.5761984749939738,0.7394387954313084,7,1.0
-0.6283411079579604,1.7775007358973636,21,1.0
-0.5223590264025141,0.9023784413348452,35,0.0
-0.6787698679075205,1.0045101907604332,21,1.0
-0.4138936427404916,0.9836030016785161,5,0.0
0.7464167946755781,-0.0831718116771556,21,0.0
0.7052771646879691,2.1699037136515225,17,0.0
1.2243322278211777,1.9580311826366597,20,1.0
0.5353170149713984,-0.2824160771984843,17,0.0
1.832249458340752,-0.25887592344724375,5,1.0
1.1416095023733843,3.5091246135483836,23,1.0
-1.2840257094887462,-0.2785687884414954,41,0.0
-1.0965968310472978,0.500368272133906,39,0.0
0.1664074852054649,1.0629976345819367,15,1.0
-2.0690840781871738,-0.6776181278772866,6,0.0
1.154495742219297,1.6310734018003097,25,1.0
2.6663150912205795,2.5655117412603636,20,0.0
1.5174215629810268,2.3019988723730695,19,1.0
-0.5020657859303718,0.8157282150975573,8,0.0
1.8391744332058213,1.726124428698375,20,1.0
0.29279393027003947,-2.0377597761115847,41,0.0
-0.6077621872735571,0.6928639887156219,22,0.0
-1.496796754450865,-0.979028431822068,35,0.0
-0.5396254352876095,0.7610264536718923,12,1.0
0.41709777989586083,1.1797019638402475,22,0.0
0.591394383639016,1.6809939821963393,12,1.0
1.191901494550764,0.7931972176897297,5,0.0
1.2993192256423869,0.41921229357056644,21,1.0
-3.1136582658529304,-2.556383523478323,21,0.0
0.2892670583902516,-1.5127894017305015,6,0.0
0.2663638609979633,2.1159564362437417,30,1.0
-1.5966907912785908,0.977156771675685,23,1.0
-0.793564163115777,0.24619356999646702,25,1.0
-0.8219187750786541,0.5509757470367056,1,1.0
-1.2564278264221258,2.3916483522318925,30,0.0
0.3071899589382895,-0.22013368679340228,11,1.0
2.3513418823557295,1.5014250204304747,22,1.0
0.6015626864721829,0.0331347340566019,22,0.0
0.05128440091499289,1.0096521864958872,25,0.0
0.6853663928090561,1.2782278824315751,47,1.0
0.05310577565220209,1.1056591835996985,12,1.0
0.6024301131493265,1.4809662380508022,6,1.0
-1.4123278256608527,0.2432469791159229,16,0.0
1.1195290544809005,-0.27678034660527495,15,1.0
-1.573347645036264,-1.7434599105705144,13,0.0
-0.5464755556598994,0.42429899280677424,17,0.0
2.084203658848061,2.8882619431330445,21,1.0
-0.07966500144385175,0.3579259819411319,20,0.0
2.312631864663815,1.4021148280224678,17,1.0
1.1056519529714361,0.33631114791603456,17,0.0
2.3892651368417264,0.6183982512324212,1,1.0
0.8008691072559841,0.5486021027581289,20,0.0
-1.841249377608567,-1.9900959200462978,20,0.0
0.5095932088459877,0.4353250607163074,21,1.0
0.3585708481283,1.079839057799835,47,1.0
1.5059367961608139,1.4651750256234992,45,1.0
1.3853529510608382,-0.7454054172774047,25,1.0
0.06959391191904658,-1.082396528658843,41,0.0
3.0040436817472536,0.3997836390930667,7,1.0
-0.25924597373360236,0.8421140535658096,20,0.0
-0.1301908742559342,0.5449142962872656,21,0.0
1.8773595718228142,0.3536661595908488,17,0.0
2.6190380920872975,0.9779485518122817,5,1.0
0.5954197246717272,-0.18227389506862623,44,1.0
1.7385706816701332,1.8103515557356338,47,1.0
-0.15086196821803943,1.3851728046158793,6,1.0
0.31303684634973405,1.8008502204219885,20,1.0
1.6714814652503334,0.32500527777133603,15,1.0
0.18724986489894624,-0.058883705259627446,43,0.0
-0.7091618901600693,-1.237954303835754,41,0.0
1.8639831197027372,2.4858004413125547,25,1.0
0.8599661759747775,1.3777428199721768,13,1.0
-0.8458819840827918,1.5145027787889929,41,0.0
0.3511922832836733,-0.6696224521329971,39,0.0
-1.0349294827041962,-0.8835074557153293,41,0.0
-0.6613729546554293,-1.1191697196437436,11,0.0
0.5315972079029597,-0.554982643662016,22,1.0
0.46255960815040553,1.6598128736408986,37,1.0
0.7821205663576554,2.079094869426631,23,1.0
1.456804896924372,-2.0887893092538405,41,0.0
0.1773613233835557,1.7543256193665822,2,1.0
0.07069603014852037,-0.009556575830124436,11,0.0
1.8000031560192111,2.6773344510674058,37,1.0
0.23277360670143588,0.19223571018845742,19,1.0
-0.006039414922959584,-0.3591001249595244,7,0.0
-0.18331191830782756,-0.7905546809775716,1,1.0
0.7393546794571467,-0.6715782487953665,22,0.0
1.2150327029279755,1.3561057883008178,27,1.0
2.867224411756929,1.4318117387504132,19,1.0
0.8119490064384929,-0.869747340189952,8,0.0
1.226099567586592,-0.026679176597674905,33,0.0
0.6380647674994278,0.5842658727986704,47,0.0
1.5012632562077133,-0.021242526606082945,37,1.0
0.823716620092518,2.8970285119087986,22,1.0
1.5424014852488477,-0.2346833905642165,47,1.0
1.1349771781090854,0.6792707652970613,6,0.0
0.48817968147500307,0.20946434384608642,2,0.0
0.7944667154606669,1.8980297539738693,39,0.0
-0.4114404998263868,0.4406237140862916,47,0.0
1.2072074570463478,-0.6317685973483476,45,1.0
0.2706279851772862,-0.28519049828525384,5,0.0
0.7279926266001295,1.9405819603540824,17,1.0
-0.776643585810646,1.9614170052786952,7,1.0
1.399318256309486,-0.24035283047460876,22,1.0
-0.3571813364301685,0.610505783834294,41,0.0
0.8178952873981119,0.9128588579299441,12,1.0
0.3647345637876217,0.708856218192152,6,1.0
-1.7396006605774668,-1.1640202557699593,13,0.0
0.03147136877911181,0.9830163592546823,25,0.0
1.0759666145853266,0.35106450746490003,45,1.0
0.1060697270012463,-0.17140601844679687,23,0.0
0.04536533146788936,-1.478779947229232,21,0.0
-0.9572414711962443,-0.14078363687742568,17,0.0
0.3644488495026754,1.6124517656775008,8,1.0
-0.04027969265784783,-0.5033978769935472,11,0.0
0.38084607822573846,1.8717383383854047,6,1.0
2.723542904548287,2.1745630058416356,1,1.0
-1.7349106296286216,-0.15764024948544644,10,0.0
-0.06484408379639922,0.6093344164188143,22,0.0
0.3100348832223041,1.788710598254971,1,1.0
3.1254542858164838,-0.06569402866218943,19,1.0
0.2989871038436931,2.379953882799392,2,1.0
2.817075779468973,-1.418879490464764,5,0.0
0.03889389748778638,0.7250816442920934,39,1.0
0.47212178458966536,2.8239136297484126,22,1.0
-0.21678573342350638,-0.2702892606104295,13,0.0
0.34544751095511816,-0.6957965048237676,10,0.0
0.9650932573415612,0.939668785729967,13,1.0
0.8111947536766063,1.4874625510255552,11,1.0
1.1094210204112638,1.616166249320963,33,1.0
0.5097603373050935,-0.8334143467301788,23,0.0
-0.04568470365105015,-0.022075961263894106,15,1.0
0.6369615420239707,0.18658864934544572,40,1.0
0.7798620727400857,1.077530835543329,12,1.0
0.4833537674488714,-0.7577149502671539,21,1.0
0.8811318677809974,0.31592284860806663,11,1.0
0.1460728471767171,0.4909369790461501,30,0.0
2.3856009470013553,3.8078261412110983,1,1.0
-0.16619774478747676,0.28444961145954006,35,0.0
1.1280318558246814,-0.1620606892309241,17,0.0
2.237210808097252,0.7488956459469467,23,0.0
-0.09913657530406342,2.205170685734617,30,0.0
0.3463567775454706,0.4501939592438204,19,0.0
1.696335381912192,0.13890359287352755,5,0.0
1.5545280784649893,-1.7806780285795711,14,0.0
-1.1701237149032024,-0.07707002962306835,11,0.0
0.22845489639525696,0.6128419109456675,35,0.0
1.2829040856454896,2.0738825613740786,23,1.0
1.3704482614183877,0.8613495792079886,50,1.0
0.9121091836734017,0.08253655675128568,19,1.0
-0.45557289712451987,-0.46282862967208005,19,1.0
3.272999416096614,1.2912011488970525,5,0.0
1.9175683069222378,2.810971033049757,2,1.0
1.270235485742825,0.2002057556311203,1,1.0
0.837751193377702,-0.08607645165715354,35,0.0
0.4159500879554346,0.61733180473437,39,0.0
-1.1591136454071935,2.1648676599300978,30,1.0
-0.2825723060190583,0.03508234582070051,41,0.0
-0.5445638667479722,0.8397462153344913,47,0.0
0.43154980536227217,0.29965895450650765,22,0.0
1.43668532726895,0.2869314153250061,41,0.0
-0.3519706029693743,-1.360351444986625,1,0.0
0.8074012546247584,0.21809918395205508,7,1.0
0.31854384823578086,-0.05985822304212585,48,1.0
0.9292096779875956,1.3785118657072797,15,1.0
-0.22719390823152988,1.816899738044738,10,0.0
-1.0190932954659333,1.6154517334859801,23,1.0
1.9114039520258919,0.5947201883479261,17,1.0
-1.456518727188462,-0.13072697330947525,10,0.0
-1.818817146472587,-0.8028245652582153,41,0.0
0.47366043095822075,-0.11885762700086544,45,1.0
0.3618629224767528,-0.554992064907923,1,0.0
-0.38803745589876754,-0.31090567204511016,35,0.0
0.6609727936601022,1.4977928056006853,23,0.0
1.6222146742352495,-0.10584051343585153,23,0.0
1.6547263258554512,0.42204288588171457,23,1.0
0.4147049748467546,0.536120666055841,23,0.0
-0.7002653227989657,0.4543819845300659,22,0.0
-0.5923636447847003,-0.21393710301902671,10,0.0
2.0291548008283185,1.5400508498097796,48,1.0
0.10390455452555723,0.708074202083238,39,0.0
-1.4774637286155021,1.2281423967767104,30,0.0
1.4511884213340063,-0.7265428591656575,19,1.0
0.18890804765487623,1.1253944907354976,21,1.0
0.5917159436165853,1.2180607405320187,7,0.0
0.8575788934542994,3.2766271150534867,17,1.0
1.6504793276916134,0.7674272223031247,11,1.0
1.1134660985899358,1.5705147858938995,21,1.0
2.505357415648085,0.3518723166206076,25,1.0
-0.07562172793490185,0.3456614295548839,2,1.0
-0.16344730510654193,0.9277256972135173,1,1.0
1.9351058272652562,0.810130165444813,23,1.0
0.2408375447228865,-0.8961900495567889,30,0.0
2.1070222936813296,1.5151497688710207,2,1.0
-0.6479814582796424,0.5196825360475013,41,0.0
0.3892595031321062,1.9809707385273816,15,1.0
0.07338174535615538,1.6829645948125447,5,1.0
-0.5934857818870858,-0.7265461079871793,9,0.0
-1.423863401351352,-0.32397910136151037,22,0.0
-0.4406048672511356,-2.540166386292975,1,0.0
0.4532522879195589,-0.03272814505298338,23,0.0
0.9052575490663598,1.0490817161612187,6,1.0
-0.22435721170323553,1.8661459237717635,15,1.0
0.21930568105424753,0.07971398193270751,1,1.0
1.0484124650126336,-0.7070983426977322,21,0.0
2.3979886723907597,1.1230900396220214,27,1.0
0.6613550605651772,0.4007224371342166,22,0.0
1.186210157542178,0.8537231170432331,15,0.0
-1.2459764848308903,-1.7261107373258475,25,0.0
1.4607984548503516,1.9705448240674035,12,1.0
-0.07534753914769923,1.7854669294104215,14,0.0
0.31998962525140284,-0.306488797872697,40,0.0
0.5869762526465012,0.796716188986896,43,1.0
1.0866811731398784,0.3459277670837462,27,1.0
1.2978745115090373,1.9470112102461703,37,1.0
0.6144155380417116,1.5373378681403902,5,1.0
-0.2686661417458402,-1.269181237647011,23,0.0
-1.3271959214717777,0.7662676285996795,14,0.0
1.4588961174273254,0.6211933118784285,25,1.0
3.2544986275227386,-0.15504492093867994,20,1.0
0.3465167456841359,0.13383454800280678,48,0.0
0.07601949752955584,1.1655526938655052,50,1.0
1.4035089564729515,0.5337693025539147,19,1.0
0.5752769747170089,0.0472016553017958,35,0.0
0.9652611544876581,-0.10475513696453737,35,0.0
2.6986989238701904,0.7092851745285003,11,1.0
0.15700761253495943,0.7532976588678687,45,1.0
-3.133378068510245,0.7195220859627451,5,0.0
1.851228997591474,1.9002156655003475,20,1.0
0.8463449398822323,2.0236937160519903,13,1.0
-1.7810551427841907,-0.6376010930427094,22,0.0
-1.0085666790552714,-0.942230806384606,17,0.0
-0.5724091561576252,-0.8217818442443888,21,0.0
-0.2610382453228346,1.9173657219716427,47,1.0
0.5894682390411109,0.6420520431251477,9,1.0
1.802884614321764,2.4962127129508227,47,1.0
-0.015063893940071415,-1.0368982171407581,6,0.0
1.105686804759438,1.7445092215278044,45,1.0
0.7468176877876262,0.4282744065845393,21,0.0
2.014101152503577,-0.5677245994725855,12,1.0
2.0067281360448685,1.5368009271709617,47,1.0
1.7141521353185603,0.20577542865460474,45,1.0
2.2916565983017216,1.0526296489737477,21,1.0
-1.0463706706682299,-0.07517606621307897,8,0.0
0.7358022643346754,0.2950941096573196,22,0.0
1.5065259558450066,0.05999531827651039,47,1.0
2.8805570105818594,0.9371638423292599,23,1.0
2.0419544852941023,1.3340643096330922,23,1.0
1.5363815576485023,-0.0238603971600092,6,0.0
1.0834121713501412,1.2179120466570705,7,1.0
2.4377492208388905,0.3789837587801729,12,1.0
-0.7557787021292572,1.49529426174594,35,0.0
1.8239425232018038,-0.24534246527839887,21,1.0
-0.9562699181132397,0.8139339438596531,13,0.0
-0.3191204001132879,1.3254218202185148,20,1.0
-0.012041104087086812,-0.10465296257943489,23,0.0
0.14408110567453247,2.5775099819118594,13,1.0
1.9292811658077085,2.179570914009162,21,1.0
0.7829521237518192,0.13114165875699457,13,0.0
1.0666072419384818,0.6467680930291262,22,1.0
1.3646377092393984,-0.17739189844046122,25,1.0
1.5510672751010612,0.7822360103300785,45,1.0
1.2196540510150484,0.9265504975924769,37,1.0
1.797662068954982,-0.8950859120392327,5,0.0
0.031450652483855035,0.3305838255889795,48,1.0
-0.1298912771317623,1.2801164788290775,9,0.0
-0.16321624303821114,-0.4744936884398885,23,0.0
-1.2254249340587677,-1.8551044168497433,13,0.0
1.505228058207289,1.4175281733501452,1,0.0
3.1314953836130615,0.49146054698762986,1,1.0
1.8508524287576633,-0.25434125155029497,9,1.0
1.082863160846361,0.5103246797455674,13,1.0
1.1159402308873405,1.6434168854334175,13,1.0
0.8860378699335436,-0.037103850323715194,1,0.0
-0.4421354846621642,-0.35805548439373885,6,0.0
1.813814482776182,-0.09229560430993627,6,0.0
1.1251467889856916,0.013891532848235544,21,0.0
1.5501082821302448,-0.6846261452039039,20,0.0
1.9066899387273177,1.671537838962443,47,1.0
0.016692703200557824,4.034916723197741,30,1.0
1.760509788696766,2.6995590511365912,5,1.0
0.8172770003793091,1.70915269347848,5,1.0
1.3713303855514,-1.8786099266500964,35,0.0
0.258621484206074,1.3908953681338627,47,1.0
1.7051233446402332,1.1687160462999417,45,1.0
1.4636430900036628,-0.9020903851627299,1,0.0
-0.24168388849864475,1.9338025946123147,9,0.0
-0.2301135706371933,0.11809996170120396,24,1.0
0.5157369931427983,-0.2971915148633275,1,1.0
1.325762808336455,1.4782025311645715,22,1.0
2.3865545355899287,0.9844324196001774,30,0.0
1.4873647522127786,0.5562616890086799,7,0.0
1.7573723018031773,1.4752672331826624,24,1.0
-1.300960744021564,-1.1784537877414611,25,0.0
0.4194134195044496,0.6372206304721778,30,0.0
-0.22118883821900748,0.9615824500760243,12,1.0
-1.8424430511512386,0.45169598607396455,41,0.0
0.3339523841602318,-0.6672832873505651,1,0.0
0.5417516800767719,-0.45649347689951736,41,0.0
2.007348935384192,2.057629624024405,20,1.0
-0.3609652887319104,0.9687059981881325,21,0.0
-0.589363200209442,-0.10282984145126228,7,0.0
2.094574880086933,1.4131710466271565,7,1.0
-0.7675249622829831,-1.025131488104759,11,0.0
1.0977365030381132,0.22495021663427495,47,1.0
0.5002523850645713,0.720673470840131,47,1.0
-0.8573735460417369,2.219007680746457,12,1.0
-0.012390137288839356,-1.234099789324895,25,0.0
-2.1873267332507726,0.2601112509931076,21,0.0
2.4555993315734446,0.7447500887685825,20,1.0
-0.038923583117216685,-0.6928842621653006,23,0.0
-0.1888681384739818,2.151214153573275,33,0.0
-0.047246045126850586,-0.6723599621396741,1,0.0
-0.3801153986866686,0.5367581632174451,37,0.0
-1.2234890300403767,1.2144557319333396,20,0.0
2.7705811513721987,0.03431394241999364,21,1.0
0.13966366782744108,0.2380992321079958,9,0.0
-0.738187936676645,-0.310170614684471,10,0.0
0.08949398031646073,0.4843266423088924,2,0.0
-1.5520837694984428,1.2896399232504592,27,1.0
0.8309309549687177,-0.13206983507869544,23,0.0
-1.1137889820880065,-0.10431607223716617,39,0.0
1.0765941782735269,0.6655771543866613,1,1.0
2.625340945075217,0.9535763763373747,17,1.0
-0.7322233695509499,-0.595011237534645,5,0.0
1.304128388242018,0.770315878333236,5,1.0
1.2121470166783241,1.9270380173152795,1,1.0
0.8678425303321488,1.4492552441282993,12,1.0
0.3158464263474774,0.2583351633288323,35,0.0
-0.6360952849818529,1.0915874741058997,11,0.0
-0.2622844634017318,0.10010908429329406,2,0.0
0.39274752502597576,-0.5097557062208931,17,1.0
2.846461708729183,2.718849380991651,43,1.0
0.0002449060389243571,0.5002713448212174,30,0.0
2.116107385916705,0.6335570776046504,22,1.0
0.18919921400273843,1.4402618970927044,5,1.0
-0.20315944868395097,2.3298195135994755,12,1.0
0.20144102882429663,-1.191394492895925,32,0.0
0.013834910770885497,1.1784854837064285,41,0.0
-1.2606874870639506,-0.3120985262878712,41,0.0
-1.0037862214543862,1.6067668125357417,12,1.0
-0.3412640905818696,-0.09289027813281003,23,1.0
0.5406220404866806,-0.863341030504413,21,0.0
-0.11939211976609983,1.3584407120274853,41,0.0
0.9908823920491613,-0.17445241642267664,6,0.0
1.4100284700561856,0.7896664541103227,21,1.0
0.953202175090061,0.9240486269539888,15,1.0
1.1459235902957614,0.5593888847250881,7,1.0
-0.25308402078539716,-0.2829074272479442,8,0.0
0.3415570568234467,0.37736685565214423,20,1.0
-2.0706729418637417,-0.3320197893780786,17,0.0
-0.6273701260237269,-0.6938727453448644,13,0.0
-1.6375204811016275,-0.6253921117936139,22,0.0
-2.051059188782777,-0.40870467268568644,13,0.0
1.2036718176017431,-0.35893803062215146,7,1.0
2.54645854288387,1.1266889810307124,23,1.0
0.010681084117095648,0.16214421515361624,17,0.0
0.654802847286399,-2.1900026085297837,21,0.0
-0.43706702171841183,1.0923267686025244,3,0.0
0.3554192414957479,-0.7728088594575446,40,1.0
0.5503074144251902,0.9873757443669907,6,0.0
0.15626443805341605,0.807214069653439,7,0.0
0.47478624569442185,1.380356813513111,21,1.0
0.8215844947413047,-0.07189461783976392,26,1.0
-0.5750813118786037,0.3100460281310621,25,0.0
0.4557231232506363,0.01507011029311583,25,0.0
1.1985160397289478,0.7874432570582076,22,0.0
2.3837273860456674,1.290216245345312,11,1.0
1.3788665872822714,0.8244291635767291,17,1.0
-2.8441554662565145,0.3250260197068134,35,0.0
-0.21359828620953283,0.24014154699280923,12,0.0
-0.14136316367345947,-0.4126588768554566,21,0.0
1.4134967441006263,-0.5074754143689899,22,1.0
0.8640775420187203,-0.3900462509723074,8,0.0
0.4466356213889267,0.6133702176473751,20,0.0
1.2661833967111205,-0.05754189888443695,41,1.0
0.5940855670756786,-0.18820783035433153,22,1.0
-1.7616168389274693,1.121562420972961,41,0.0
1.4739869756926431,-0.6420150873317783,27,1.0
0.18926222302884455,0.8306206895136484,9,0.0
0.5223055998764567,1.4120726216368111,23,1.0
-1.3857387083106092,1.7208285900910956,25,1.0
-0.18806895281633307,0.6210625337877009,45,1.0
-1.2739031618411023,-0.7466403531850697,21,0.0
1.9169635407056511,1.1216970827928836,11,1.0
0.602861039747629,-0.14537073906406853,1,0.0
0.6104648191866924,1.1182695024691272,2,1.0
-0.5584135046262577,0.41154630003564313,9,0.0
-0.03756445425457322,1.0056233414150835,25,1.0
0.9500248732409375,0.29609202362704923,1,1.0
1.9599643505443538,3.067879786928586,2,1.0
0.19924427923068033,2.2277874874572507,5,1.0
-0.30913342288168055,-1.236492361880049,41,0.0
-0.6749870676782703,-0.9308365296384389,23,0.0
1.533264877601545,2.0648079950184197,47,1.0
-1.2070855568450758,-0.7611986608609436,6,0.0
1.2300355285685143,1.5872940778049236,26,1.0
-0.5232797703736043,1.0454689283853373,30,0.0
1.253611113180357,1.1564305958856456,6,0.0
-1.1221424746705866,1.6200945543117984,30,0.0
-0.04656692457315066,-0.9703341218791365,12,0.0
3.086258293069876,1.667117110238837,1,1.0
1.5939539338322426,0.36788875957842593,19,1.0
-0.9301109399965644,0.7139108848903728,16,0.0
1.0743409324931192,1.296067291851789,23,1.0
-0.7216619711604733,-0.044486615251179716,12,0.0
2.0311146937169355,-2.0552535775469916,41,0.0
0.7643728193828938,1.5708009055157954,45,1.0
1.1247668287029464,2.165877398398591,35,1.0
1.0381827636581513,0.8735673963377183,21,1.0
-1.529602798885305,0.7146200660514664,5,0.0
-0.4688682301287015,1.628203086382359,50,1.0
0.8644555173416945,0.03677648638783114,11,0.0
1.427234053830733,0.9889471269853931,7,1.0
1.794571709333391,0.6762720416002211,24,1.0
1.2466184303568826,1.1385958509524958,1,1.0
0.5296234590801048,-0.21728176721370973,22,1.0
-1.0520766639762995,0.9071378290292338,39,0.0
1.7428097383790107,0.5821270555172007,7,1.0
-0.5912603328159421,0.2098699595908554,11,0.0
0.4479953312233991,-0.35548160311688987,11,0.0
1.937130543715849,-0.2637446630887703,5,1.0
-1.3275731641964812,-1.3764590268693682,22,0.0
-0.7145519921528207,3.0430665882475876,21,0.0
1.0600290583480354,-0.1202120581124461,6,0.0
-0.26394430925030365,-1.605846347688743,21,0.0
-1.064686256149855,3.0389322320052488,8,0.0
2.016653855200316,-0.5400172704464523,6,0.0
-1.1373231715855951,-0.10926664315662848,12,0.0
3.077486463161649,1.0839369010282027,17,0.0
0.46257105428091416,0.5609843005795687,21,1.0
1.8828156897978068,0.34544418990487097,32,0.0
0.44146573661530075,-0.9706634451099048,41,1.0
0.20464778061807892,-0.29642328998544915,23,0.0
1.5737035532181542,-1.400938468672322,30,0.0
-0.30617609570810583,-0.1595788960144299,35,0.0
1.531457298192694,0.6425597833453002,25,0.0
1.4477948177925666,1.8407914382181312,23,1.0
1.0476803406387154,1.8628846415607851,5,1.0
1.4786320747335326,-1.2557803247744175,35,0.0
0.2711591546566238,1.0759072650103405,6,0.0
1.215723218274464,-0.7045578280982292,21,0.0
1.513300012150246,-0.015830755404089958,41,1.0
0.18543285209404425,2.2274503035329376,41,1.0
-0.3511101205096531,-0.37937726373381864,22,0.0
2.003379077678393,1.550134254250407,7,0.0
-0.42305235481384,0.13060152735031397,2,0.0
0.4531079881586967,-0.5647710460924305,7,0.0
0.9672685430041265,0.07305348143060213,8,0.0
0.9369174479850794,-1.346647288644056,21,0.0
0.25240342893584156,1.3426534492405642,10,1.0
-0.19173258781881242,-0.9898599404994227,17,0.0
0.03445178231508537,-1.0412326347898275,41,0.0
1.8553692476828791,1.7207034502178662,48,1.0
0.7973792487329573,-0.6909978232629626,22,1.0
1.7349185773634295,-0.2757671098090775,48,1.0
-1.2455446828686445,-1.175659839865807,20,0.0
1.0368973237522658,-1.134807281619937,17,0.0
0.3842524418369987,-0.4299726861984745,6,0.0
-0.14091802776471454,1.949692708402465,6,0.0
-2.1921487029166076,0.985835833120302,23,0.0
-0.9754883155545999,1.5940387232517215,8,1.0
-0.31599198738482187,-0.360427727364702,16,0.0
0.10432460358773184,1.5730960318560174,23,0.0
3.6995359734570585,1.195499982813372,23,1.0
0.8867909689005254,-0.12402938840584699,17,1.0
0.5352088093871322,-1.7519670417786926,23,1.0
0.5181068487847905,0.24099845492241612,47,1.0
-0.48422207828432273,0.5654427746459958,13,0.0
-0.35858702779966245,2.8857230975140378,39,0.0
1.0046759977799737,0.6362729427989757,1,1.0
-0.7663951333265263,0.7170998626085591,30,0.0
0.7661780738047095,-1.4250989966467904,5,0.0
0.026254810725503498,-0.17423620592337918,22,0.0
1.352832769235974,-0.970321115350435,13,0.0
0.912420629792197,-1.0639470996032658,20,1.0
-0.6242288554859474,-0.29590065516264535,30,0.0
-0.5082158030509469,1.0392881903866829,7,0.0
0.10684266357708105,1.8079240085035335,7,1.0
1.8200747271501219,0.011552832549246385,19,0.0
-0.7961849665198508,0.2991205020829977,23,0.0
-3.162207995082455,-0.04433388532765007,23,0.0
3.0250500428424236,0.4856012798080531,21,1.0
0.93250317740874,0.5019307847527318,1,1.0
1.6599569839413424,1.7110674701168471,43,1.0
-0.32245341982490944,-0.032620021068579426,30,0.0
0.28413855682869643,0.47082103843226464,1,0.0
0.6632819912539889,-0.9940871812335175,1,1.0
1.6769274674007713,1.1002320405542882,22,1.0
1.3157038155907372,-0.04199301210038553,1,1.0
0.023734283238762144,-0.4701135281069235,5,0.0
3.2925887490994636,-0.022128607508113518,37,1.0
0.7655740401052302,0.18427472195601358,17,1.0
0.21251117968828193,1.3266357676078873,13,1.0
-0.5337172006943474,-0.7323683212265848,5,1.0
3.0349360552747022,1.3362162614031285,6,1.0
0.2045135087902319,1.7778685540894341,41,1.0
2.6623135451085975,-0.1181552837344595,37,1.0
1.5399393507905745,1.083369149121732,7,1.0
-0.34087551813175376,0.5621120696003942,5,1.0
1.3066295908409664,-0.5201600584963105,30,0.0
0.8007775061427327,0.8900285791573165,17,0.0
0.38693392771301116,-0.008912573533979895,1,1.0
0.8077624917574533,0.0020270801460648964,9,0.0
2.598925610884042,1.060728836366064,46,1.0
0.5948650139385295,-0.702117448369794,9,0.0
1.001214794353304,-1.088880214536518,40,1.0
1.1332341439608984,1.8241125333880874,37,1.0
0.19490727875087055,0.4265691344041427,1,0.0
0.12062630646702323,0.4977307164836401,5,0.0
-0.8621539731399173,1.9121926947016554,5,0.0
1.0530354787027276,-0.3059406236590059,20,1.0
0.27616183568946334,-0.3574337783558191,4,0.0
0.651276919958084,-0.04344076269180025,14,0.0
-0.19925548443504937,1.010494593149365,21,1.0
2.761415342984968,0.32685174254195815,21,0.0
0.4177541488220391,-0.5622427676701356,9,0.0
2.9223251361052474,2.3714230141580956,1,1.0
-0.26315903324949497,-0.8459259845730598,13,0.0
-0.5702953403098903,0.2778534585800353,21,0.0
0.43614243808179676,0.00495150579197523,48,1.0
1.4764131805813125,1.9955935139252379,37,1.0
-1.6251391119186618,-0.4596517541960395,35,0.0
-0.1879158188443916,-1.2168334834553383,24,0.0
1.2400703361837504,3.0436031841837026,2,1.0
-0.02773607239916621,-1.089288476642346,9,0.0
1.9524274345730426,2.4659291521405216,13,1.0
-0.7598720307151757,0.46962161168990557,11,0.0
0.4893157077740785,0.8028962331661267,1,1.0
-0.5592878186001309,0.23280177224118886,30,0.0
0.045399968883158566,-0.030607910229218056,20,0.0
-0.7509427587126447,-0.40664026894666055,35,0.0
1.5917764554202143,0.084170321504761,40,0.0
0.3701742428183605,0.37375571194175705,33,0.0
-0.9056495649143936,0.11975235512763749,47,1.0
-0.6989649588907976,0.11584567656062672,48,0.0
-0.7702014110520761,0.05297766173669134,16,0.0
-1.696666570318067,-0.31950079239388424,39,0.0
0.1957724065931704,2.228743941058993,35,1.0
-0.25050390024998925,-2.1108189083472424,41,0.0
-0.8719981083385978,0.7406533089032653,35,0.0
0.10768868089406336,2.959357130022233,22,1.0
1.9870949635392503,0.028540563337592213,21,0.0
-0.8244967858533975,-0.820486703674055,35,0.0
0.367198284217651,-0.2678212882281415,41,0.0
1.7189595252279692,0.21117688297223908,35,0.0
-0.5373825863543658,0.2013811975250089,20,0.0
1.1285524540128695,1.9349971853103436,12,1.0
-0.4746184169926064,-1.281131457072446,30,0.0
1.361786749443569,-1.1428293757807424,11,0.0
2.4399781145364603,-1.0308747472329451,21,1.0
1.3287700347290312,1.5183142867703288,17,1.0
1.492464482313557,0.8072768532969827,39,1.0
0.06573979704405275,0.5719861165045658,10,1.0
0.2097112225056238,1.3288629050428464,20,1.0
-0.8517650635689027,0.27385480401361967,35,0.0
-0.092986812458831,0.9474239041791271,9,0.0
0.7342277405693916,1.1709092759115265,7,1.0
2.569531447935284,0.4028406217365481,1,1.0
-1.115613890657822,-0.37482363121049816,17,0.0
2.6775325443931752,1.4257998287205473,11,1.0
0.18471453478790179,2.1527935017251,47,1.0
1.2602682908602336,1.783337179957843,12,1.0
-1.1630102498284576,-0.05176760784056334,17,0.0
-1.7839567103161709,0.10785022334338241,7,0.0
-0.06000102289338116,2.3689756447286134,23,1.0
2.5937709679274277,0.14310876629264058,12,1.0
0.3217482483544743,-1.6149991579473661,13,0.0
2.3808888746223595,0.35298495988052425,48,1.0
0.6078470288440299,1.7386356635841689,5,1.0
2.8293166450771388,1.3588160765283388,6,1.0
-0.5005758319628495,0.2882589910020108,47,0.0
0.6481900265869082,-0.8429646056518014,41,0.0
0.9826372628119704,0.5592624163124543,11,1.0
-0.16535274384876586,1.8346288758207743,47,1.0
1.6284055966741873,1.090668300952551,2,1.0
1.8999674327199498,1.8490684114688758,2,1.0
1.9488150600809848,0.46007397735933353,1,1.0
1.9959052805869544,-0.6288188048623273,11,0.0
3.495963313438433,2.3636530580909323,47,1.0
0.8572635280707869,1.3427785005515276,6,0.0
1.3504114680599975,-0.07510704422840964,7,1.0
1.2079580201444835,-0.18975049475266817,30,0.0
-0.7175765696998225,0.13328832414285344,39,0.0
-0.9035092983670374,0.12562412588855842,9,0.0
-0.47025459012314197,-1.6492531530918009,30,0.0
0.5617859003273641,2.6883020704798835,5,1.0
-0.17716428472476942,-0.012312297268343176,23,0.0
1.5790113335807228,0.04512130744550718,1,0.0
0.6969305136998054,-1.2003542194457755,7,0.0
3.266872522643381,1.7503812523669153,25,1.0
2.1626131096463306,0.7555403756564879,47,1.0
-0.4413239442558398,0.4130491248521502,41,0.0
1.5173698633561994,-0.8203713465759723,16,1.0
-0.5274553406419432,0.3795576012425695,2,0.0
0.3287521997295472,1.1400184759424332,20,0.0
1.4285943121804934,-0.5533281553120422,48,1.0
0.1642727002466755,0.9128464317608732,15,1.0
-0.787823578126205,-1.6004083237285927,47,0.0
0.028729732569875432,0.7065114213663859,1,1.0
-0.15577188953102752,0.745728198670058,30,0.0
-1.0861048419462713,3.130809238430545,17,0.0
-0.8212729084724382,0.7622806084984124,48,1.0
1.1331914193355819,1.009918935939586,11,1.0
-0.4192425823084688,-0.4027450164409073,8,0.0
-0.7197397280987414,0.3861008984277778,5,0.0
0.6929751650806346,-1.0572953549180488,9,0.0
-0.5228304312862656,1.3033885980714965,30,0.0
-0.6707299867941852,2.560814456210182,14,0.0
0.1750174273227866,1.0292950654928164,30,0.0
-0.653741557782518,-1.1981927908164125,7,0.0
2.218674060968377,2.1730133575113904,46,1.0
1.1398628423668757,0.37476555205977524,2,1.0
-1.5360943069019153,-1.2360959569646088,23,0.0
-0.5408098043019579,-0.5739633382983419,1,0.0
-0.34314918528899924,0.6143269666845413,8,0.0
0.10210409631473889,-0.34942993035452785,17,0.0
2.025737810493493,-0.9449655038968474,23,1.0
2.634585489612772,1.0862692005818968,50,1.0
0.11954144760459419,-1.4815434694528986,20,0.0
-0.9085407305226221,-1.5129246971630268,12,0.0
2.411192845476116,1.4734529222910886,50,1.0
0.3922798816927812,-0.2545253538478492,42,0.0
1.2767019164048983,0.6301691191523002,24,1.0
-0.2464868268350115,-0.005888712380586515,9,0.0
1.286940896441996,0.05181481905440932,1,1.0
0.7599142471008197,-0.5464166303243387,30,0.0
-0.3998725757357229,1.7831608046552312,30,1.0
0.9914653434673434,2.006299189204298,6,1.0
0.644834613096601,1.2762853174858255,47,1.0
-0.6279082194265333,-0.0207138808026206,1,1.0
0.6054443974985733,2.2095145675341596,12,0.0
-1.1541759193643197,0.708192273195553,21,1.0
0.006889438362668199,0.17457412680199158,41,1.0
0.32491889694815945,1.242253214453692,48,1.0
0.7497652182746294,1.0232322397991003,25,1.0
1.1093153666808604,0.9917998176902224,35,1.0
2.0774779591726964,0.8451632454834846,25,1.0
1.242924695302429,0.001731441746590338,6,0.0
0.6701448880407687,0.7854052588793109,30,1.0
2.048877346707355,1.9077999355581223,2,1.0
1.564014230648645,0.8274017558792996,7,1.0
1.6752967924650723,-1.223055009749923,2,1.0
1.5013257257812738,0.5295688966339687,41,0.0
0.035233027779699194,1.7482624802886688,39,0.0
0.05238490773901827,-0.7926236038005083,21,1.0
0.881158097999895,-0.08967040825136063,22,0.0
0.6030151746811536,2.230519523237038,11,1.0
2.231995480046871,3.9985175531704913,6,1.0
-1.2670439542329999,-0.7994884613518249,5,0.0
1.3670346807742833,-1.5062898407980791,14,0.0
0.6556566389581137,-1.174471125640664,35,0.0
-1.468089185518563,-1.5654314093834207,17,0.0
-1.009114571879504,-1.2343052874535196,35,1.0
-0.11653776681633085,-0.552793498808372,6,0.0
-0.022157918524778664,1.8881292544309574,41,1.0
-0.10429891084774567,0.06504977310988205,22,0.0
2.6954844432529783,-0.11604330906062782,1,0.0
2.165767811601361,1.2246991816884607,12,1.0
2.101273963416922,-0.04784723344843278,47,1.0
-0.2188734625950992,0.3955257721410579,47,1.0
2.1524979739850627,1.6498990220384648,2,1.0
1.5443059238012424,2.1344779118684576,45,1.0
0.115733732913195,0.821447441811639,30,1.0
1.4352965722993205,1.682450151909376,22,1.0
-0.10599373126676763,-0.85197106693109,19,0.0
0.9301603341595944,1.090158014517674,22,0.0
1.446280424624751,0.9808934928331614,14,1.0
0.3661234965259499,-0.6060343049924958,39,0.0
-0.44405874136623535,1.1106940904002645,15,1.0
2.6752366103528544,1.0419094869748324,2,1.0
-0.13949979129756224,-0.13623991889056036,1,0.0
1.2471394269544076,1.4143485084777876,25,0.0
0.8210347477874372,0.6359729782712342,22,1.0
2.5100752726138764,0.1976871478952262,10,0.0
1.6274227808598103,0.9453187309910378,21,0.0
-1.7443733509798602,1.1917114482249447,33,0.0
0.8042053455606051,1.1450693375386334,2,1.0
-0.37788964432549454,-1.2871287621502647,21,0.0
0.3518429721715009,-0.19976585198601754,12,0.0
0.6926559764662181,1.8839177909899059,48,1.0
-0.49436817152978113,-1.8821329707183272,17,0.0
0.3785278036209591,0.8473820927875726,35,0.0
0.6362718700449325,-0.1910902329455209,30,0.0
-1.4463025948011023,-1.0413322845864084,7,0.0
-1.6434565180225105,2.016342360899856,6,0.0
0.9860442843994982,2.0574368292433025,7,1.0
-0.7203759258247,-0.7419639948802194,21,0.0
-0.29503113963912375,1.3682890013972102,7,0.0
3.602989504246797,0.9763597803034899,25,1.0
-1.508062623347879,-0.5602531387852595,25,0.0
1.274556397063011,1.2056949807931348,22,1.0
0.2862870921319187,0.04533154485980595,50,1.0
1.6382818770514747,1.7383084564011744,11,1.0
0.4322376803020543,-1.3224925478387004,11,0.0
-1.2220473956807014,1.2023188069520443,41,0.0
-0.238494926659651,-1.36409967328588,39,0.0
2.132368444051724,1.8067394732335256,19,1.0
0.343284620765714,0.04385230131561613,1,1.0
-0.7853042027113714,-1.1553781407513366,6,0.0
-0.6649802808246061,0.1079894851250851,39,1.0
1.587004795534708,-0.20235203792898981,30,1.0
1.727763008842907,1.3455983650881806,25,1.0
-0.8777657750914558,0.48474172616593636,41,0.0
-1.058984403905855,0.3162018429268119,20,0.0
0.9823940677267947,1.8511527836590538,24,1.0
-0.6484602821228007,-1.9260721415216888,5,0.0
2.2921350309775397,1.396994339554008,47,1.0
0.4761657091287423,1.1929435212424155,23,0.0
2.385908625089998,2.098153920821055,37,1.0
1.366673319782728,2.215707487240649,37,1.0
1.2652298604147045,2.193775106800908,5,1.0
-0.7289371323531714,-1.1279071898041018,21,0.0
0.41976153221223667,0.7529084245735693,21,1.0
1.7841086878365546,-0.652481082410985,17,1.0
0.6492253000621935,-0.41390208940737205,41,0.0
0.8211591661668601,-0.9406707929262137,39,0.0
0.8786969197497283,0.6659987219641408,7,0.0
-1.7518923839357583,-0.2250010360395044,1,0.0
-0.6596344347177797,-0.7436431559476947,41,0.0
0.22018105295872745,0.12570277584319947,6,0.0
1.872787617003325,0.9517718168621926,11,1.0
-0.08367650544184775,0.47494735793339543,43,0.0
0.43902060838187534,1.6416604438357938,33,0.0
0.8672911236837274,0.6510938667721341,20,0.0
1.0175136764608603,1.092129269163372,6,0.0
0.48633153052645095,1.0499148757331742,23,1.0
0.908589198686339,1.2325480260607018,6,0.0
-0.04345530386943574,-0.013880665132829888,2,0.0
-0.7530345728754988,1.4127316216443169,22,1.0
0.15631191409503198,0.27453036454623725,11,1.0
1.3598124144749901,0.8379199375673828,17,0.0
-0.3452189507691499,1.3538822687980199,22,0.0
2.1537302118969768,1.28604607111711,21,1.0
1.392603238799491,-2.5158767607526857,20,0.0
1.0686196859680182,1.459900161604896,37,1.0
1.676178596960145,0.27647781349693734,2,1.0
2.6878450851632385,0.4985125246990927,35,1.0
1.0809705198525132,1.3410882304250868,3,0.0
0.3822365242866689,0.667709222858462,9,0.0
0.124160523775521,1.3715066215405147,1,1.0
0.3188127197867985,1.7543333662820875,45,1.0
-1.2641689745110787,-0.16939827619060796,10,0.0
0.5633846766538715,0.45094363009217064,1,1.0
0.4061121703118912,0.82520505595075,11,1.0
-1.3213261592122942,1.3985293886036454,12,0.0
0.2904384931636422,-0.14684703912131683,20,0.0
-0.5401868022848118,0.46866432512684064,21,0.0
1.0655603895682644,2.020265100265206,7,1.0
2.4866548895871894,0.517544173509181,20,1.0
-0.4925776356335006,-0.32200990047010836,39,0.0
-0.5873657959797138,-0.4920607361113886,5,0.0
-0.4118884796600797,0.1817828975948126,39,1.0
1.6670064529435151,1.2524463657123923,21,1.0
0.6577880720139556,0.6922117798869327,12,0.0
-2.214896622870169,-0.03052403518048791,6,0.0
0.17940300455420055,3.0146230614308314,35,1.0
0.9520976246687701,-0.14723577929470433,25,0.0
-0.706289939452298,0.5582221161919625,41,0.0
1.215080337116132,0.9579863038887615,22,1.0
0.05598431542746781,-2.4672240059261092,10,0.0
2.425603996115581,-0.6640397574102939,37,1.0
2.0061887992137373,-1.0793247597957234,50,1.0
1.7516233317534637,-0.2441458520621528,43,0.0
0.625311210902685,0.8259293041133569,13,0.0
2.442885146270751,0.4311050161428396,12,1.0
0.32125733668961076,1.821462536021138,11,1.0
0.610180511322806,2.8955069922365286,20,1.0
1.3729675955140097,0.7007605688035796,22,1.0
2.347982411323805,3.614413371445948,12,1.0
1.3509726060027711,1.1633736233326604,35,1.0
-0.4858130288460551,0.7972124946148035,6,0.0
0.2668151174354564,0.2865288133265176,15,1.0
1.037258393451791,1.678992213773665,7,0.0
0.5137579274187621,-0.44686429561616525,41,1.0
0.6609709354455207,1.8366179470833062,2,1.0
0.26093419908156035,0.8848782581553065,35,1.0
1.468522820941589,2.783090200578372,30,1.0
1.1554965378064677,0.5549924458408928,12,0.0
-0.7136069693286934,-1.1440648003737353,10,0.0
0.8195922579521555,0.9592949549232984,5,0.0
0.748742866145777,1.5051775594799204,43,0.0
0.3068351673021421,-1.3487386143721745,37,1.0
1.11231967751538,0.6415244072835165,22,1.0
1.1487983833156212,1.4198204490237476,12,1.0
2.390390425447373,-0.006431496350485455,37,1.0
0.6824204419593045,1.1734738961023585,15,1.0
-0.03249504008445067,0.3535197300536469,34,0.0
1.276835443714566,0.38959984196962044,21,0.0
0.23836879874803074,1.0977056768421605,47,1.0
-0.4316790184248579,-0.8442332330320816,11,0.0
1.5201563143337673,1.1880525641978092,37,1.0
0.7580944283378411,1.379885856507951,7,1.0
0.8505374146048589,0.8377588936747075,8,1.0
1.6222150705103302,-1.070987267697834,11,0.0
1.4063698949292325,1.207624432100248,23,1.0
1.8698431884039162,1.9750732454237676,35,1.0
-1.208331543130116,0.37753093297830714,39,0.0
0.7981458057455157,1.6810938343331738,12,1.0
1.1228456080562446,-0.025083877872681848,35,1.0
-1.0949114024922744,-0.8350984173302596,17,0.0
-0.2567260496551831,0.998768495881211,10,1.0
1.1008684786294396,1.0503504376456814,5,1.0
0.8075062665132322,1.0752660313470785,2,1.0
-0.05290253875420792,1.013509250872794,43,1.0
1.9778753101612503,0.7420345926111924,7,1.0
1.8218969887648022,-0.8428712599484605,9,0.0
-0.7032167918607376,0.10310363530010919,5,0.0
0.9501333834979374,1.276008638082807,30,1.0
1.0787505160636004,2.1214622065201327,6,1.0
2.45201367154331,0.7352243469427082,27,1.0
1.792521914291099,1.5964953203516408,44,1.0
0.14021833620272317,2.109344741434408,35,1.0
1.484182144600574,1.0724176194810568,21,1.0
0.3306975472278093,0.781352598733269,35,1.0
2.1115092113026317,0.2869016306570308,20,1.0
-1.0011836299555135,1.0648796473759776,35,0.0
0.9427310055976514,1.187369074938678,3,0.0
0.4545669615401194,2.0920153691882257,6,0.0
0.16890528223640316,-0.17580702390076686,5,0.0
1.4686397819586052,2.2212667077771737,19,1.0
0.9598979459348798,1.7479723041498478,37,1.0
-1.6227038509548082,-0.23987037099945463,5,0.0
-0.05654961755860266,1.1375292473152598,5,1.0
-2.0322190420222963,-1.291385149463691,39,0.0
0.5199861688344294,1.4708232777555048,13,1.0
1.445235850522049,-0.01539472975285639,1,0.0
0.15550244248169265,2.8428694828248218,23,1.0
-0.14015587251025716,0.6216916177284378,41,0.0
1.4542433064419193,1.2620453405664338,27,1.0
0.3389933621381602,0.6079386206993329,20,1.0
-2.4965421045031975,-0.2231869538400155,17,0.0
1.2942407572760228,1.5080940327978642,1,1.0
0.3062991991443358,-0.7265302950412063,22,0.0
0.36112918248924386,1.4043883303722835,22,1.0
-0.5028261816340414,1.2700148894726873,26,1.0
1.7797532817347945,1.3765954389530577,37,1.0
0.023881559632622285,3.075691293519256e-05,45,1.0
0.656621975020657,1.337830070525146,22,1.0
1.903895450832246,-0.45140620761182076,20,0.0
-0.4323349966412518,-0.5647027087898622,41,0.0
0.4329559138395319,0.9887309994396344,24,1.0
-0.028907644247405884,1.4670774649488534,19,1.0
0.5055502086940079,0.7591649976645628,15,0.0
-1.0141072191600549,-0.8473760512678712,6,0.0
0.93112470133797,1.9643934959292166,40,1.0
2.120319804634854,1.568672860657596,41,1.0
2.208451057885779,1.9306789146674226,37,1.0
2.633748738564652,0.21890229284862814,21,0.0
1.157460943012757,1.0741780746933602,47,0.0
-0.531135884445937,-0.09546252474142285,47,0.0
1.5421077270804804,0.9015701376432428,7,1.0
0.23392927060463564,-1.3002656074793615,23,1.0
0.44458020014153865,1.572472576016179,22,0.0
-0.9088412101645656,-0.582562493723387,41,0.0
2.3082959273751973,-0.7506995605240967,1,1.0
1.58896709094402,0.5357066903740636,30,0.0
0.8580534974374787,1.0356076722339478,8,0.0
0.5959135349399233,0.8445003564255668,22,0.0
0.04288513247829246,-0.5323523387631928,9,0.0
0.42132729780122147,1.91870569825766,6,1.0
-0.7794244588637739,0.3494519636177651,5,0.0
1.7337183887703647,1.6038656610901865,43,1.0
2.437426539263044,1.5704576256878937,48,1.0
-0.6464655551902919,-0.31540312006817,2,0.0
1.7571878748637046,0.9478105562949172,24,1.0
2.272964424425173,0.30537297476525904,11,0.0
0.007644968971626129,0.5207411728103006,11,0.0
1.942584694477359,0.4403990121074779,22,1.0
-0.4911515451051207,1.266284032436784,11,1.0
0.7256940667168543,-1.6622488652276384,1,0.0
3.2225475160561756,2.2290703518743444,2,1.0
1.283389953881987,1.1856728786753878,20,1.0
0.18631188652096192,-0.09886993225770804,21,0.0
-0.36597063327341933,0.9376261050109187,35,0.0
1.6497783740827336,1.002395120028871,48,1.0
0.7130233909656182,1.4675046329654313,19,1.0
0.42963586576366725,1.5687945785927593,39,0.0
-0.15121012504637005,0.5201495659783213,35,0.0
-0.05035004480148829,-1.395694124029601,22,0.0
0.513478715091007,-0.37455098125306485,8,0.0
1.8310971343061144,1.7788501627658118,26,1.0
0.5389626929857892,1.2689688942137296,25,0.0
0.6274201243313556,0.8784336410703932,12,1.0
1.0103099617090239,2.201066551462382,20,0.0
0.8598846895875822,1.176142983558961,22,1.0
0.48420081858415825,1.1240181104672518,39,0.0
2.196952042884279,1.1906172792103948,47,1.0
-0.9636470598568766,0.8386203336688637,6,0.0
-1.6888587828828698,1.0989570648311298,37,1.0
-0.9849902272554676,-0.8857422576157703,22,0.0
0.6599045277887439,0.7510326492871037,41,1.0
0.6702949633704756,0.5387154089125012,15,1.0
-0.08817689453350197,1.3345418990807218,15,1.0
-2.09575315017982,0.11538644254713004,30,0.0
1.1898570694551096,1.1086526070485467,23,1.0
1.757532546601769,3.9651925929575524,6,1.0
0.17638984667190813,-1.952138725156452,13,0.0
-0.5442602457893555,0.8594686894384826,1,1.0
2.7903240555314004,-0.40712052596976345,9,1.0
-1.1740348952607338,0.848310877267471,23,0.0
0.8628989574939572,0.8054424325746815,11,1.0
-0.030418459487151966,-0.5240450700613384,48,0.0
0.16248016102055252,0.9555851584944924,1,1.0
1.0923965908868176,-1.483988608716402,21,0.0
-0.35228032761294764,0.7638856980353159,5,0.0
0.2651850328033492,0.8956161202743242,10,0.0
0.9324177538217253,-0.08579500318436965,1,0.0
-0.03343234557027447,-2.19032573119232,10,0.0
0.30102220226909737,1.859529866678884,1,0.0
0.48625668562604357,0.6315609710079554,20,0.0
1.1491016721613228,1.7823602711095146,17,0.0
0.22028136120994032,0.9382913538526836,39,0.0
0.037489514712019285,1.3955726107507518,25,0.0
-0.9250871604948846,-0.5512028848644877,6,0.0
1.7017645777232042,-0.8299648056974724,24,1.0
2.823597877213717,0.49940417418548666,15,1.0
1.0208333218897951,1.924385203974528,40,1.0
-1.5142655707558812,0.22334340947460907,22,1.0
1.1784461008941833,3.233395164973929,45,1.0
1.2455169612138766,0.1935008223783132,35,0.0
1.4574525746568345,4.095093400251379,11,1.0
-0.10786052818276942,-1.6858999818907134,13,0.0
0.3259424131358669,0.8385543992884753,41,1.0
-0.9738306102659182,0.5984643137725296,37,1.0
1.9935771452857942,0.8991775231808011,22,1.0
0.253489012271074,0.5791592678905892,30,0.0
1.1678085560408586,-2.299271073960221,12,0.0
0.8042525080919649,0.4174188584419779,1,1.0
-0.47041980781523174,1.5149353238307026,11,1.0
-0.5791108632933795,-1.0980165699623416,25,1.0
-0.44062261077408416,-0.8274714283693455,1,0.0
-0.12772201088180374,0.3335569431933055,13,0.0
0.3686033462056387,-0.36626036561277453,23,1.0
0.2810965939965118,-0.015512143693249325,13,0.0
-0.10635494469219897,1.5615311122310314,30,1.0
-0.3696206902193618,-0.19550763382690445,6,0.0
1.8700898555201642,0.5542542799619063,47,1.0
-1.578769143045093,2.2733133109627333,2,1.0
-1.9075739891883619,-1.0564264219641508,13,0.0
0.5222845151107156,-0.6847449075462764,1,1.0
1.198439226782911,0.17020782092968634,7,1.0
0.3426268184796351,0.22705807467380995,20,0.0
1.9755560927229932,-0.8593373597607645,6,0.0
0.8423460017604599,-0.48683790685573713,7,0.0
-1.97519912540348,1.4095526028425545,14,1.0
-2.219584719580785,-0.6167313827083423,22,0.0
-1.1293849637939224,-0.48588339761990373,5,1.0
-0.047397819937038274,1.5852058367756567,41,0.0
1.3291060216960335,1.280623929102242,5,1.0
1.4554623849911996,1.6700269048212786,25,0.0
0.2162539511972933,1.0165424826670035,6,1.0
1.5778042888250994,0.26752478050910045,33,1.0
2.801128845702313,1.843326423370112,30,1.0
-0.1840188262766327,-1.2981609962622294,20,0.0
-2.3293130611655317,0.1918838115210908,10,0.0
2.5608943448462256,2.6472795075000537,22,1.0
0.1416257733838097,0.021155880006121907,10,0.0
1.1770716592967074,0.6319437039441388,10,0.0
1.1688535603022685,0.7393714965556226,48,1.0
0.3279667489448223,-1.5039317567365815,10,0.0
1.011116121923698,1.680793226245726,12,1.0
0.0029695761145311726,-0.5325545909507001,21,0.0
0.7493454465811202,0.6630940386157811,13,1.0
1.4028401885572435,-0.06413495018340189,17,0.0
1.2779601506699276,0.3831022341298157,25,1.0
1.7467354849644203,3.3935867308047873,5,1.0
0.7252703086998813,1.9664676707047533,12,1.0
1.8324801766855954,0.8439126002592695,1,0.0
-0.18033790131453922,0.0905863948311991,10,0.0
2.3822575023033723,1.7649661744557532,6,1.0
0.06801341460517563,2.064219535478975,22,1.0
-0.6545738335282433,-1.9814973497009467,41,0.0
-1.0867403545867584,0.3454742687981577,17,0.0
-0.05349216855917485,-1.0986802547229082,25,0.0
-0.938160198243176,-1.6395237745909872,13,0.0
0.9721105188657122,-1.616983286209591,7,1.0
-2.286141234595187,0.566361102209757,17,0.0
0.4182147401816467,2.737670989599205,12,1.0
-0.843219270295392,0.41738546049584146,22,0.0
1.5719059195467737,2.0363530370276464,1,1.0
0.16766113298439966,2.0689997575126613,23,1.0
2.627617409679298,0.14368013870857235,23,0.0
-0.6007140733412564,2.2664283110570667,8,0.0
1.6194785030980827,0.6670258967107042,5,1.0
-1.3470438954574802,0.8313763138372753,6,0.0
-0.6928708894780179,-0.4344099161247552,21,0.0
-0.03749663091147958,-0.3200333298056806,6,0.0
0.803767626285361,-0.191348167400901,9,1.0
2.511254069681747,0.6807376780664688,15,0.0
1.0866948596337316,0.6213652110025684,32,0.0
3.3780684338314733,0.03642770954689667,25,1.0
1.8182230816645197,0.7487065966762034,35,1.0
0.5555243626149192,1.2188551237770735,48,1.0
0.3758084448159884,1.292150053457521,35,1.0
1.10440913184836,1.220722785033029,15,1.0
0.5933087910344447,0.6516636939473471,35,0.0
-0.7764583142437842,0.7928894811412099,48,0.0
2.0401400263078635,2.391417748168481,20,1.0
1.1806573477092004,0.1702425189510736,25,0.0
1.9024174864599084,-0.001369297494848974,30,0.0
0.027554272439781074,-0.42050749287095524,17,0.0
0.2892547817574691,2.663198380785817,12,1.0
2.097440257028393,2.9867258373085765,37,1.0
1.0456438765151221,-1.504679724979562,22,0.0
2.2231821420794367,-1.0389403117414635,35,1.0
2.650350135641874,-0.2843618869315492,21,1.0
-1.8681413826803532,-1.737010151353775,21,0.0
-1.6062165660040086,-0.855372371161668,7,0.0
-0.6751765560197234,0.6979613701929555,30,0.0
-0.5093345083187031,-1.8168616150564694,35,0.0
1.340693920135453,2.249892488415666,47,1.0
1.6311042233747581,-0.2477759560131616,20,1.0
1.2487891131777709,2.521170801829426,3,0.0
0.9508070172225991,2.5130803137666833,6,1.0
-0.634183204119521,1.9402765411530598,7,1.0
-0.8527614678528918,-0.31052284937032903,35,0.0
0.04995399499211014,-0.7510473628251261,21,0.0
0.7730755095536239,0.18161607260585955,39,1.0
1.9769133899544795,0.8049166712755546,50,1.0
-0.22603319456440785,0.9630843597568478,40,1.0
0.19812118218459696,-0.9674302673367636,13,1.0
1.1811135629759564,0.4115528411443474,19,1.0
1.4039869507914204,1.804691302828616,21,1.0
2.2579340234008534,1.4348895852105221,8,1.0
2.0223834293991603,0.8358398588417987,48,1.0
0.20374807444802134,-0.15957658103755246,21,1.0
0.6947148114619657,0.6139061736460876,22,0.0
-1.078066628349152,-0.8693830711369013,35,0.0
-0.8216537184402046,-0.42431145193339215,47,1.0
2.6498135698096013,0.4658060169054551,35,1.0
0.8096538339364434,0.2259227401240583,21,0.0
2.3435938621045644,0.8203506339172533,47,1.0
-0.8363626589932722,1.9003433372754392,35,1.0
-0.2650315016200332,-0.929112396792258,5,0.0
-0.5101809651656232,-0.15689762276395341,1,0.0
1.3113546343022444,1.6409108780863515,25,1.0
0.3280706477109153,0.5398618645702518,45,1.0
0.6801160182745053,1.5649305943509,1,0.0
0.6443876919522671,-0.47993802063194063,41,0.0
-0.7252864912775581,-0.24743137015412078,20,0.0
-0.18366958931622296,-0.6445614421269328,2,0.0
-1.7142308865738525,1.6833647893425114,35,0.0
1.8281554357200471,-0.24256935312682737,1,1.0
-1.8697030232412237,0.8944328041355086,30,0.0
0.7727262515049043,1.4275245142317676,22,1.0
0.4438142423640575,-0.3378324428753374,47,0.0
-0.5348028860621233,0.4345030910287486,8,0.0
-1.2030956104748998,1.7931922591165457,21,0.0
-0.4911158358937396,-1.3458559423843164,13,0.0
0.6481216028362016,-1.8571607974614177,25,1.0
-1.490620284680772,-0.35977023395924834,1,0.0
0.16426021749486142,1.8921628730804232,25,1.0
0.7368717507550062,0.9661544745685672,15,1.0
-0.06323674723062445,-0.6229613906274327,25,0.0
0.5053001578706068,0.7530320762202237,20,0.0
1.463805093345449,-0.5270223884439922,47,1.0
2.064462467460226,3.319871739182565,5,1.0
1.4521795916744087,1.8164017995494433,21,1.0
0.09929755626034183,0.2634487528823567,23,0.0
-0.6909447978264289,1.077605823922029,32,0.0
-0.3655903689740484,0.3195662294155459,6,0.0
1.1115468361616117,-1.209159101818352,27,1.0
0.3993773410237298,0.5491759815448042,5,0.0
1.6331275250618806,-0.5736104169879713,43,0.0
0.5293283975895758,-0.7972842123854467,48,1.0
-1.2033146008459554,-0.3177419392598735,25,0.0
0.5693890522787399,0.40796942555803273,50,1.0
-1.7088377072338443,0.39121656646785685,7,1.0
-0.6932226864925717,-0.036230782911632196,1,0.0
0.7666381665448117,-1.166352929214408,5,1.0
-0.3464172135274655,-1.5638248448580288,20,0.0
-1.46527642856555,1.503076949409194,48,1.0
-1.3120389459352964,0.2768303351985327,20,0.0
2.7560089039752,0.06882397237289717,6,1.0
0.921921199536836,1.8810934410960884,23,1.0
1.8166280970430344,-0.4253487411261294,47,1.0
0.8093910904866625,1.779821120663682,35,1.0
2.7216370123960423,2.3572584714653364,23,1.0
0.02322295333011426,1.6431987043848693,49,1.0
1.181790400780054,-1.1267825492494317,20,0.0
-0.593267531762014,-0.6497967027767424,30,0.0
0.27630911449465556,-0.5284376205462392,5,0.0
-0.24854118747905518,-0.5502960806639616,33,0.0
0.42899713678897267,1.9770433924119608,45,1.0
1.3320129857579168,-1.1357781819333703,12,1.0
1.6308711600616463,0.7452790432548245,8,0.0
-0.3893527793472855,-0.7749127804563265,20,0.0
2.757456921431405,-0.5249767419997893,7,1.0
-0.31772567394510276,0.2279744818099847,9,0.0
0.5298192364181287,1.8672104779160983,40,1.0
-0.7928722540104068,-1.9633621013781408,23,0.0
0.8086279635308956,-0.9401724878336658,22,0.0
-0.3153455732272859,1.0495576001066966,25,0.0
1.3094683258720483,0.9527127945369418,5,1.0
0.10069407452772539,1.14548563821882,11,1.0
0.9961953066401106,1.2785634402970207,40,1.0
-1.9374222575379152,0.47735642978672405,25,0.0
0.14666555177355886,1.835917746784331,15,0.0
2.0486562290518746,-0.4712816300765994,25,1.0
0.9676424693751777,-0.47366377875629334,43,0.0
1.3790829726754747,-0.920969476475006,20,0.0
3.1117924351990722,1.891868374651521,7,1.0
-0.49637699675368196,-0.9862813854076404,23,0.0
-2.3039381563517103,-0.6643220781836228,47,0.0
0.2949375333493178,3.190000230024005,25,1.0
-0.430292501825686,-0.09110090478719424,40,1.0
-0.03847864830397607,1.3847814390829507,2,1.0
0.827412926587755,1.130472053001904,21,1.0
-1.0283669410865317,-1.0083610531947897,10,0.0
0.816716636682733,1.0583476921817938,35,0.0
-0.6028404472400565,-0.8177500571832496,6,0.0
-1.3518600638984204,1.01823885607337,1,0.0
0.3965735546585054,0.572833266751249,41,1.0
0.12191615813622239,0.6024177219891023,17,0.0
-1.1190756492071994,1.438612980610057,6,0.0
0.38001401936357715,-0.6115946933228719,17,0.0
1.4206658732210884,1.7854029752446954,41,1.0
-0.17468635604292454,0.8718637021508578,10,0.0
0.9938245528417681,-1.3573483002217055,39,0.0
-1.8851987641153638,-1.2809546480836396,30,0.0
2.029161985080628,1.3615223526140867,20,0.0
1.1501663378156495,0.9009116109409311,38,1.0
-1.2206289252732538,-0.8833507744856458,11,0.0
1.4413539053535755,0.6945973221516984,22,0.0
0.4228335037098502,-1.8678560142795966,23,0.0
0.2308880062993207,0.6231765492193951,12,1.0
-2.0991622260092093,-1.2247919123460522,1,0.0
-0.8165158023166394,1.5211102208907805,26,1.0
1.7233736240044808,-1.4425389700750944,37,1.0
0.15770668597612728,-0.8073990635594553,35,0.0
-0.7566550895113824,0.9717229160730684,17,1.0
-0.8588122871831232,1.4873393152257097,40,1.0
1.4938045858310978,1.427772059729715,15,1.0
-0.9860848610104332,0.3243761457714351,5,0.0
0.8765427715550368,-0.13800677743440304,30,0.0
0.803346265002778,1.6480828656082496,12,1.0
0.4563986619040348,-0.29158695927485495,5,0.0
-0.18816686570112262,1.9517349639497759,1,1.0
1.2182689515938914,-0.0730555973478737,25,1.0
-0.6035319606990064,-2.449619516701524,17,0.0
0.04203004216015154,-0.5477715054768886,25,0.0
-0.7341015589151749,0.29861835988681373,27,1.0
-1.069584779036659,-0.025634048139217894,1,0.0
2.66200846935697,1.3307327088190049,22,1.0
-1.21597093795235,-0.23497836202106193,37,1.0
0.662179452420325,0.7239556705147312,12,1.0
0.6515227123933627,1.5361001587386474,5,1.0
1.3770915827467944,1.504315558908019,6,1.0
0.41115951971581144,1.0686574276058365,7,1.0
1.6282972969963423,-0.4733423684726025,12,0.0
0.3058980665735645,0.5105998393372938,6,0.0
-1.8882917951650766,-1.3661333168707819,21,0.0
2.0110341773097744,-0.08210427721712166,8,1.0
1.4769492339110855,2.0921763160355473,1,1.0
1.4926972532017477,2.261264228236172,41,1.0
0.7215117718341569,-0.6588089079057955,20,1.0
1.2359246643488526,1.1231263114447352,41,1.0
0.817934438084251,1.5213694544488272,47,1.0
0.0372048966078242,1.502203541148245,21,0.0
-1.160136909754177,-1.6257214056979428,11,1.0
0.6711507842199507,0.028776070180806856,25,0.0
-0.3044465096962814,-0.032834798269092115,17,0.0
0.9601340201898083,0.36201000184899923,21,0.0
0.7453229090959957,-0.42343743385283306,1,0.0
0.7857922533206407,0.2229403127919446,23,1.0
1.371137487775565,0.1852069703978957,22,1.0
0.7702689332650487,0.8390476619640472,2,0.0
0.664432332219523,2.363831712666421,30,0.0
-0.8635703161375973,-0.3317780584551412,7,0.0
-0.24357776469938064,-0.9035690778848107,25,1.0
-0.7094563843286934,-0.468440484097052,41,0.0
0.8077972751006282,-0.27976119956325896,50,0.0
-1.4554812202932288,0.42409429142816346,1,0.0
3.1070368187426793,0.5273039504019983,21,1.0
1.604403117016149,1.2980017415935892,15,0.0
1.0458200274121217,0.4451265916167252,6,1.0
-0.3443517121138969,-0.23352495381195978,25,0.0
0.17904410566820678,-1.1784510413726337,35,0.0
1.1408040921751534,-1.5271310868455361,47,0.0
2.6187328291161744,-0.2938185319519673,35,1.0
-0.7081961776122834,0.30395791800788574,7,1.0
-0.2948864382946169,-1.8227546477203045,41,0.0
1.1408834815927866,0.5584649611951287,4,0.0
0.9705486527590454,-0.9664423668846414,30,0.0
1.501414303839758,1.4958382409199467,20,1.0
-1.3537534356412118,0.3918210017206858,13,0.0
0.808162896225382,1.4350469062283568,11,1.0
0.5539854834836572,-0.20134047512235842,23,1.0
0.6155857497692567,4.266665360142595,13,1.0
3.9489714559882354,0.1813091216738868,6,1.0
-1.2912241148926462,-0.15872457660236097,8,0.0
0.6336259088966669,-0.8722213679984692,39,0.0
-0.23676242651035315,-1.7290948161394022,12,0.0
-1.2352765358236664,-1.4803065070813652,11,0.0
-0.3907319843841677,-2.164788370111469,47,0.0
0.9290055451891757,2.37798642532519,20,1.0
0.7984242801519288,1.1924504699660998,21,1.0
-0.09242147991893779,1.0100556293603902,30,1.0
-1.5740398644792695,0.9535744653843902,14,0.0
0.7912753071268669,1.6534590302468612,8,1.0
2.6427811934880205,-0.09244428351163969,45,1.0
1.412095168158674,-0.4009556742540341,27,1.0
0.9756165970557072,-1.9944623882043189,30,0.0
-0.3408933604400298,-0.40914556131793384,20,0.0
1.2904559507170323,1.8455852253790548,35,1.0
1.177992764986543,-0.46090007130420624,35,0.0
1.6866317157509483,-0.7991747514186998,9,0.0
1.565724883523404,0.0020707746058176157,35,1.0
0.2869482593683348,1.5380907320141433,48,1.0
-0.5760595096475809,1.2571700756210866,20,0.0
0.964317883546004,0.21411761984616817,7,1.0
-0.7239829439308413,0.6570705572388612,11,0.0
-1.1528772716904756,1.0254737351709005,39,0.0
1.0398038626206778,1.5790115445546704,21,1.0
0.00025841059198806365,0.9719113741371073,11,0.0
2.919230242174603,2.5343727864577588,25,1.0
-0.3748908116906585,0.6812063045075097,20,0.0
1.4250204773777246,0.7739624676878519,21,0.0
0.5872794424936627,-1.8254913535818085,30,0.0
1.2802602335699889,1.1822263205563404,20,1.0
0.9325942918100676,0.8640758170903907,1,0.0
1.0960428277703607,0.1857279685829747,39,1.0
1.2222993657935353,2.135439339586018,7,1.0
-0.22447115788218297,0.17273825236447227,7,1.0
1.3696794614274885,0.5987548384702438,2,0.0
-0.37347007199384885,0.939404974978076,24,1.0
1.235139389774092,-0.21421886457183084,17,0.0
1.0607628724642908,-0.1376005217477928,1,0.0
1.762473430767305,-0.906461339480565,22,1.0
0.6331500111431503,0.4766980050039797,17,0.0
-0.4847404124080929,0.14475748123780283,20,0.0
2.048914940995661,0.8448970078264874,25,1.0
0.49065262590537784,0.21575518791201675,14,1.0
1.772991788530469,-0.3677514316889605,21,1.0
-0.6608160752024553,0.669524097485365,6,0.0
0.8359451282886756,-0.41229221845120945,30,0.0
1.7796347857914754,-0.06723035845983465,16,0.0
2.365949715018191,2.0988807959631615,12,1.0
-1.5042444806532422,-0.3332303571301371,35,0.0
1.5734720009610148,0.9760735978596906,2,1.0
0.6025231108755338,1.1977330789642313,26,1.0
-0.15233920852518867,2.1520212682829536,20,1.0
-0.5244621695987151,-1.5910889273733093,7,0.0
1.7116831630650613,2.3599818269046153,25,1.0
0.862848581856103,0.3336564363987773,11,1.0
0.3080372573755111,-0.3056611368535262,35,0.0
0.6292703230465072,0.7155526331350519,20,1.0
0.6789734663191693,-0.6075656537088581,40,1.0
0.9102560592491187,2.118168446571752,41,1.0
0.5027474179284704,-0.8286947335378985,41,0.0
0.3167757617722021,2.0743057755431793,35,1.0
2.1405403701746417,1.5436858745793278,1,1.0
-0.6883609879929602,1.8122302835255235,1,1.0
-1.819556134644062,0.7589224549192622,22,0.0
2.7441377378561,2.3692177806343917,2,1.0
0.015588883730393022,0.7518651603803383,21,0.0
2.6762423945536638,1.9541195981544837,48,1.0
0.08403833506217295,1.1924535368369236,35,1.0
0.5673101167398291,0.8381964559136602,33,0.0
2.3015367988975868,1.5998605595844093,23,1.0
0.784866424052089,1.4836594062349682,21,1.0
2.648817645987534,-0.10688375267037209,9,1.0
1.0581555341600462,0.6603210290535345,48,1.0
0.617158642053114,1.9760107369435018,22,1.0
1.4910053729753896,-0.24241467240463477,20,1.0
1.4277005209963316,3.2565255291066646,35,1.0
-0.6106004573681303,2.846570245130446,7,1.0
0.19208450570045876,1.5965992517652094,22,1.0
